entity,year_2004,year_2005,year_2006,year_2007,year_2008,year_2009,year_2010,year_2011,year_2012,year_2013,year_2014,year_2015,year_2016,year_2017,year_2018,year_2019,year_2020
Jobs,0.448363,0.388959,0.369920,0.412544,0.449706,0.483327,0.492753,0.522119,0.488287,0.424632,0.488257,0.494346,0.483778,0.444130,0.477475,0.497722,0.492536
taxes,0.278123,0.399419,0.393944,0.294958,0.417580,0.333623,0.384438,0.346530,0.396541,0.322612,0.345462,0.315139,0.260797,0.302123,0.484304,0.396974,0.403163
Education,0.224047,0.202443,0.189336,0.161137,0.154972,0.177496,0.167723,0.135828,0.122128,0.107292,0.108303,0.112451,0.096845,0.100613,0.096420,0.082131,0.089677
war,0.211249,0.185318,0.155527,0.135606,0.113114,0.126375,0.111334,0.096116,0.096189,0.097069,0.086718,0.106069,0.090513,0.106744,0.097667,0.111864,0.101587
Canada,0.162119,0.135057,0.119791,0.106821,0.109499,0.104464,0.114952,0.075459,0.066064,0.062480,0.066461,0.072222,0.074963,0.072670,0.069575,0.066328,0.064542
Mortgage Loan,0.148034,0.120529,0.112691,0.113927,0.171575,0.139874,0.086416,0.076506,0.085095,0.067672,0.060685,0.072988,0.052405,0.059887,0.067028,0.050277,0.060785
India,0.134217,0.116649,0.111403,0.101022,0.101937,0.103777,0.093870,0.083382,0.092165,0.082589,0.078645,0.133240,0.080302,0.081176,0.072205,0.073851,0.086015
Mexico,0.117861,0.112385,0.116218,0.108193,0.112622,0.128581,0.147504,0.097154,0.097273,0.091053,0.106614,0.098313,0.105409,0.115219,0.115133,0.168449,0.163722
Japan,0.102068,0.097436,0.082688,0.079884,0.067041,0.070074,0.062357,0.051170,0.053920,0.056489,0.056053,0.067970,0.058245,0.062488,0.057276,0.064569,0.101261
IRS,0.090788,0.162489,0.178739,0.107748,0.147992,0.148597,0.141810,0.169171,0.170853,0.229183,0.104222,0.091885,0.054128,0.115632,0.143376,0.000000,0.000000
China,0.089082,0.089983,0.086589,0.072972,0.076154,0.070457,0.070481,0.069617,0.058560,0.052754,0.054872,0.056692,0.056886,0.059530,0.056005,0.066735,0.154107
France,0.085985,0.086010,0.080092,0.054774,0.054423,0.055351,0.055646,0.046740,0.044339,0.039300,0.039960,0.044901,0.038897,0.044544,0.041294,0.039698,0.101124
Manufacturing,0.083532,0.066201,0.056010,0.045825,0.045783,0.039897,0.040042,0.033732,0.033548,0.029134,0.030365,0.028449,0.027810,0.030334,0.028332,0.023619,0.019980
Europe,0.081531,0.080420,0.071660,0.059613,0.055880,0.053259,0.049970,0.043685,0.039994,0.041708,0.040056,0.045677,0.042062,0.043077,0.042396,0.042609,0.036091
Italy,0.078409,0.082756,0.074259,0.051689,0.052414,0.043709,0.045763,0.049777,0.044972,0.036551,0.033461,0.035530,0.036085,0.036987,0.043058,0.037614,0.057194
drugs,0.075370,0.071800,0.063218,0.060277,0.054746,0.065186,0.054666,0.075701,0.064822,0.062836,0.067758,0.063857,0.073875,0.068678,0.070390,0.082255,0.093931
Africa,0.075369,0.066421,0.068409,0.057667,0.055304,0.053437,0.054043,0.041923,0.042266,0.041674,0.039207,0.042569,0.038026,0.044978,0.045912,0.043755,0.036209
Health Care,0.071598,0.062937,0.055254,0.062610,0.063012,0.064263,0.072284,0.064979,0.056680,0.054052,0.058972,0.061187,0.057443,0.057824,0.067024,0.042015,0.084062
Germany,0.071583,0.075738,0.059075,0.049478,0.045783,0.045993,0.049836,0.036912,0.038316,0.040090,0.034704,0.039669,0.041731,0.040927,0.038822,0.038404,0.058063
Armed Forces,0.069870,0.064789,0.063055,0.063705,0.059155,0.060949,0.065451,0.060144,0.058745,0.059191,0.056503,0.054065,0.057033,0.057835,0.057312,0.073989,0.091304
Military,0.069870,0.064789,0.063055,0.063705,0.059155,0.060949,0.065451,0.060144,0.058745,0.059191,0.056503,0.054065,0.057033,0.057835,0.057312,0.073989,0.091304
Oil,0.065765,0.082747,0.081946,0.072420,0.078403,0.085468,0.075977,0.095022,0.103541,0.108569,0.131164,0.153397,0.167888,0.163846,0.180018,0.189434,0.167211
NASA,0.065070,0.024003,0.024635,0.017945,0.023331,0.022130,0.017861,0.022555,0.015037,0.012380,0.011505,0.019934,0.016447,0.016337,0.042983,0.011531,0.010917
trade,0.064045,0.055232,0.046972,0.046385,0.053037,0.054908,0.050245,0.048296,0.045128,0.043024,0.042988,0.047851,0.044576,0.046973,0.049597,0.051428,0.215733
Democrats,0.061295,0.021904,0.026163,0.024665,0.043146,0.012288,0.013473,0.010542,0.016900,0.010387,0.011868,0.011128,0.017690,0.051025,0.046236,0.238212,0.366899
Asia,0.060634,0.063849,0.056329,0.052545,0.042300,0.041458,0.033506,0.037064,0.035757,0.035786,0.037039,0.043163,0.033296,0.030854,0.028994,0.029905,0.029598
energy,0.058208,0.059443,0.071357,0.061595,0.070686,0.085193,0.079300,0.077326,0.073730,0.072336,0.069158,0.073786,0.072846,0.076872,0.077322,0.076088,0.076778
Crime,0.056172,0.058965,0.053247,0.053315,0.050631,0.054433,0.049945,0.050078,0.047530,0.049110,0.046979,0.047409,0.047919,0.060927,0.053454,0.094714,0.065293
Spain,0.054785,0.053839,0.044077,0.041848,0.036666,0.045198,0.045772,0.029427,0.029509,0.028610,0.024627,0.028257,0.025731,0.029638,0.030229,0.028812,0.044176
Iraq,0.051700,0.080886,0.046365,0.059808,0.038308,0.025120,0.018022,0.016382,0.015348,0.009367,0.009316,0.011830,0.009219,0.008486,0.007141,0.007425,0.007609
Russia,0.048965,0.049401,0.051601,0.040973,0.032375,0.031578,0.032543,0.031610,0.026329,0.026857,0.035908,0.036683,0.035026,0.039360,0.042846,0.041872,0.048951
Prison,0.048633,0.049641,0.046667,0.051883,0.056605,0.067302,0.068642,0.080669,0.082983,0.088080,0.094289,0.092761,0.105535,0.114253,0.111058,0.144481,0.122344
Social Security,0.046560,0.063631,0.041615,0.042976,0.042215,0.035995,0.030362,0.036704,0.038344,0.035201,0.039712,0.040091,0.036664,0.035881,0.043284,0.021357,0.022583
Congress,0.046548,0.037053,0.031518,0.030840,0.025128,0.059251,0.027950,0.030165,0.029347,0.026457,0.028473,0.023394,0.021066,0.141668,0.034034,0.000000,0.000000
Brazil,0.041433,0.043807,0.042690,0.037116,0.048572,0.086716,0.096596,0.031515,0.030546,0.033046,0.031966,0.030223,0.026538,0.021077,0.020133,0.018768,0.017072
immigration,0.041429,0.044744,0.040548,0.043184,0.039813,0.031193,0.029153,0.029480,0.029139,0.033186,0.038223,0.029740,0.028457,0.074152,0.060374,0.056439,0.037068
Constitution,0.039733,0.028897,0.029527,0.025990,0.023397,0.024976,0.027351,0.023454,0.022395,0.020258,0.020616,0.020694,0.022773,0.018762,0.021357,0.000000,0.000000
Health Insurance,0.037658,0.031926,0.027843,0.031395,0.027697,0.027694,0.025528,0.022921,0.020934,0.019766,0.024337,0.027663,0.025804,0.022932,0.028370,0.017709,0.023998
Marines,0.035283,0.034487,0.030915,0.031721,0.030781,0.031777,0.030656,0.030148,0.024917,0.026472,0.022659,0.025080,0.019686,0.019871,0.020896,0.020415,0.014952
Israelis,0.035271,0.025167,0.034730,0.025218,0.022120,0.021801,0.021810,0.017808,0.018557,0.015945,0.017135,0.021163,0.018527,0.018418,0.019148,0.027949,0.018554
United States Army,0.035266,0.033325,0.034576,0.029074,0.026110,0.029113,0.030846,0.029356,0.022479,0.020944,0.020420,0.019889,0.015066,0.013643,0.014630,0.012834,0.009152
unemployment,0.034246,0.028430,0.029518,0.028846,0.038312,0.083507,0.078286,0.083075,0.081642,0.051949,0.088514,0.050738,0.042151,0.030399,0.043774,0.045968,0.071169
economy,0.033903,0.036355,0.031977,0.025879,0.047971,0.056450,0.029709,0.027472,0.027763,0.026724,0.025361,0.031039,0.030171,0.030454,0.031817,0.041468,0.040751
HIV,0.032172,0.025865,0.025705,0.019265,0.020461,0.020447,0.014459,0.012916,0.012544,0.011571,0.011528,0.009987,0.010729,0.010073,0.009098,0.020717,0.019651
AIDS,0.032172,0.025865,0.025705,0.019265,0.020461,0.020447,0.014459,0.012916,0.012544,0.011571,0.011528,0.009987,0.010729,0.010073,0.009098,0.000000,0.019651
Budget,0.030826,0.028429,0.027687,0.023455,0.023399,0.034055,0.026406,0.029059,0.022019,0.018674,0.021164,0.022221,0.022598,0.029125,0.022666,0.000000,0.000000
Republicans,0.030141,0.018176,0.020038,0.016186,0.043817,0.024972,0.037941,0.029750,0.058410,0.027190,0.040336,0.037936,0.044607,0.029264,0.045328,0.061633,0.079155
Abortion,0.029437,0.027263,0.027689,0.019159,0.019558,0.021671,0.017363,0.020084,0.020852,0.017235,0.016820,0.015359,0.013190,0.015181,0.017070,0.153364,0.050020
PATRIOT Act,0.029124,0.003961,0.014994,0.002532,0.003909,0.001229,0.001205,0.001751,0.001144,0.001064,0.001206,0.000786,0.000673,0.000783,0.000669,0.000564,0.000551
Philippines,0.027414,0.021671,0.028453,0.022242,0.028210,0.028158,0.025806,0.022643,0.023152,0.020577,0.025117,0.023433,0.024160,0.022178,0.023928,0.023943,0.027244
Income tax,0.027403,0.037993,0.033666,0.023568,0.031758,0.022837,0.026346,0.025180,0.025336,0.022117,0.021830,0.018336,0.014965,0.015755,0.022909,0.015723,0.018574
Egypt,0.026714,0.026564,0.023102,0.015418,0.019489,0.019534,0.045116,0.039287,0.017672,0.012471,0.014601,0.017157,0.014599,0.012912,0.016711,0.011520,0.012574
Senate,0.025338,0.025399,0.022644,0.021909,0.015423,0.019663,0.021534,0.011125,0.012029,0.012897,0.010835,0.011963,0.010535,0.012879,0.012854,0.037399,0.118665
recovery.gov,0.024320,0.022138,0.036569,0.030946,0.033559,0.035487,0.039922,0.043802,0.038587,0.035663,0.033178,0.025810,0.016916,0.016984,0.020798,0.000000,0.000000
Department of Defense,0.022942,0.020040,0.022646,0.020265,0.015722,0.015718,0.014732,0.012510,0.012662,0.010620,0.009250,0.009007,0.006795,0.009857,0.007997,0.008818,0.005042
Colombia,0.022940,0.020273,0.018361,0.015087,0.019485,0.035665,0.055817,0.016493,0.014286,0.016160,0.017665,0.018801,0.019745,0.018596,0.019758,0.019601,0.019548
Federal Government,0.022246,0.020272,0.016368,0.014869,0.012937,0.014234,0.009747,0.018799,0.008618,0.009200,0.011149,0.009416,0.008858,0.007516,0.008004,0.009298,0.010898
Chile,0.021911,0.016078,0.018512,0.012005,0.014520,0.021157,0.029700,0.012766,0.010305,0.009275,0.009808,0.009915,0.009849,0.009504,0.009081,0.007910,0.007757
Peru,0.021581,0.017477,0.016214,0.021692,0.019030,0.027628,0.038545,0.014524,0.014200,0.013683,0.013233,0.014862,0.012772,0.012646,0.012917,0.011305,0.012825
Islam,0.021581,0.022603,0.022490,0.013542,0.013535,0.016689,0.015883,0.012329,0.012372,0.011218,0.011352,0.021130,0.014570,0.013415,0.010649,0.010612,0.014983
Cuba,0.020889,0.017476,0.016522,0.016405,0.013463,0.015653,0.013582,0.013173,0.013657,0.012308,0.013173,0.031170,0.018248,0.021453,0.017957,0.018466,0.019444
Medicare,0.020561,0.025166,0.030745,0.020811,0.023402,0.022840,0.025811,0.024907,0.023991,0.022093,0.023865,0.026163,0.025387,0.023575,0.026574,0.013865,0.017655
Abraham Lincoln,0.020554,0.023302,0.021272,0.013323,0.014213,0.022060,0.013636,0.013244,0.015986,0.031350,0.011481,0.012875,0.012573,0.016446,0.012833,0.011474,0.009320
Mental health,0.020552,0.017478,0.017748,0.015306,0.017303,0.014489,0.015114,0.015725,0.015354,0.015692,0.016280,0.016750,0.015935,0.020523,0.021399,0.018575,0.020375
United Nations,0.019178,0.021438,0.018819,0.014644,0.012639,0.012679,0.011827,0.009155,0.008820,0.009370,0.007706,0.008337,0.008405,0.008967,0.008293,0.008232,0.006696
Pakistani,0.019166,0.013748,0.013159,0.008258,0.010677,0.010414,0.009420,0.008827,0.009333,0.010101,0.009337,0.017562,0.010703,0.009533,0.009465,0.008610,0.009848
terrorism,0.018497,0.013515,0.014383,0.011013,0.009475,0.009765,0.010021,0.007331,0.005124,0.005276,0.005829,0.010704,0.009140,0.010139,0.008048,0.006622,0.002902
Wages,0.018493,0.021437,0.021111,0.028628,0.022947,0.023421,0.022139,0.021875,0.024393,0.078739,0.076523,0.038433,0.034071,0.030594,0.035590,0.040658,0.030929
Border,0.018160,0.020273,0.019118,0.015306,0.015648,0.015199,0.014896,0.013717,0.013525,0.013255,0.011667,0.014563,0.012730,0.017649,0.016993,0.062853,0.028621
Stock Market,0.018149,0.013283,0.013308,0.011011,0.017226,0.024074,0.011447,0.011673,0.011855,0.010435,0.014751,0.012536,0.028709,0.024788,0.034281,0.013134,0.020126
Iran,0.018136,0.021438,0.022493,0.016736,0.012708,0.012999,0.015502,0.012112,0.023147,0.015226,0.017802,0.021346,0.065229,0.011410,0.010373,0.013207,0.021193
Property taxes,0.017815,0.016079,0.016523,0.015632,0.023024,0.017727,0.018845,0.015328,0.015676,0.014580,0.016058,0.014403,0.012202,0.016144,0.019190,0.011887,0.013117
Government,0.017467,0.013981,0.009332,0.009470,0.008576,0.007761,0.007940,0.005252,0.005751,0.004565,0.005427,0.005574,0.005548,0.004581,0.005507,0.005202,0.076290
FDA,0.017117,0.017011,0.012088,0.013547,0.012563,0.011835,0.011774,0.011420,0.009331,0.009229,0.009427,0.009941,0.008520,0.009657,0.010219,0.005689,0.006285
September 11 attacks,0.017117,0.015612,0.022334,0.013322,0.011660,0.010413,0.009693,0.010176,0.010905,0.007994,0.007907,0.008294,0.008466,0.009099,0.009100,0.009259,0.005430
Thailand,0.017114,0.022835,0.018510,0.017070,0.015272,0.013259,0.013853,0.012477,0.012312,0.013614,0.015363,0.014659,0.013611,0.014579,0.013076,0.014537,0.012615
NOAA,0.016429,0.014680,0.017133,0.018393,0.030172,0.019082,0.036643,0.055892,0.022659,0.021623,0.029428,0.024300,0.014042,0.020430,0.010046,0.013519,0.011626
Netherlands,0.016095,0.016078,0.013771,0.011895,0.011206,0.012613,0.012761,0.008279,0.008389,0.008233,0.007213,0.008148,0.007767,0.008166,0.008206,0.007085,0.006180
Veterans,0.015768,0.011418,0.015757,0.013873,0.014063,0.014360,0.014787,0.017122,0.016271,0.014872,0.016704,0.019452,0.018289,0.019594,0.019265,0.023305,0.018246
Siemens,0.015760,0.010253,0.007340,0.008146,0.007975,0.005368,0.007009,0.005398,0.007298,0.005228,0.004086,0.003954,0.003348,0.003415,0.003277,0.001463,0.001591
FBI,0.015753,0.016078,0.012700,0.010792,0.013610,0.012871,0.011611,0.011310,0.010675,0.011167,0.009765,0.009057,0.010624,0.009352,0.019696,0.013137,0.010182
Middle East,0.015753,0.013282,0.012545,0.010899,0.009101,0.008084,0.006298,0.007622,0.007128,0.006270,0.006365,0.007528,0.008323,0.006632,0.006436,0.007052,0.005976
Democracy,0.015742,0.013748,0.013918,0.009249,0.011060,0.009895,0.009585,0.007986,0.008560,0.008445,0.009179,0.009534,0.011372,0.010586,0.012146,0.024218,0.013491
Panama,0.015075,0.012815,0.009795,0.010460,0.011055,0.010671,0.013362,0.010032,0.008386,0.008305,0.008958,0.009079,0.007251,0.007600,0.006763,0.007610,0.006924
South Korea,0.015060,0.012117,0.009638,0.009579,0.009026,0.010931,0.010842,0.012549,0.009679,0.011978,0.015634,0.010417,0.010981,0.012523,0.016486,0.010506,0.012118
Belgium,0.014396,0.010952,0.009025,0.007153,0.008425,0.007373,0.008597,0.006710,0.006728,0.007688,0.006029,0.007171,0.006519,0.006950,0.006694,0.006764,0.007118
Capital punishment,0.014392,0.021205,0.016215,0.011228,0.008425,0.011059,0.008928,0.008899,0.007671,0.008375,0.009113,0.009056,0.007035,0.007451,0.006675,0.008246,0.007105
Nuclear power,0.014380,0.011418,0.010403,0.008697,0.009402,0.009897,0.010185,0.007222,0.006641,0.008235,0.006454,0.007768,0.006496,0.006764,0.006985,0.005431,0.008025
Veteran Affairs,0.013709,0.013515,0.015603,0.016407,0.017380,0.019598,0.021200,0.022269,0.020808,0.019786,0.020349,0.022303,0.018528,0.020880,0.023826,0.013409,0.015083
Homeland Security Department,0.013703,0.011651,0.010861,0.012331,0.009628,0.011579,0.009693,0.008170,0.007272,0.006931,0.007146,0.007076,0.006418,0.007835,0.007484,0.015572,0.003702
Social security,0.012672,0.043348,0.011473,0.011120,0.012488,0.012030,0.011938,0.017292,0.015127,0.013585,0.015197,0.019593,0.017247,0.014111,0.019252,0.021357,0.022583
Indonesia,0.012668,0.009787,0.008411,0.007046,0.008273,0.005820,0.007119,0.006783,0.006412,0.006410,0.008534,0.019030,0.007369,0.007516,0.005922,0.005237,0.009527
Poland,0.012663,0.014913,0.011784,0.009470,0.007669,0.010089,0.015009,0.008097,0.007900,0.007499,0.007440,0.008148,0.008103,0.007817,0.007966,0.007382,0.007296
No Child Left Behind Act,0.012329,0.005592,0.003672,0.005946,0.006168,0.002651,0.002464,0.003574,0.001746,0.000993,0.000692,0.000715,0.000535,0.000583,0.000549,0.000362,0.000442
No Child Left Behind Act,0.012329,0.005592,0.003672,0.005946,0.006168,0.002651,0.002464,0.003574,0.001746,0.000993,0.000692,0.000715,0.000535,0.000583,0.000549,0.000362,0.000442
Department of State,0.012326,0.012584,0.012849,0.012220,0.009854,0.012419,0.008542,0.009082,0.006640,0.005369,0.005851,0.005051,0.003882,0.005698,0.003534,0.002377,0.004009
Treasury,0.011992,0.010020,0.010553,0.008478,0.010754,0.012356,0.006954,0.006165,0.007500,0.006221,0.005828,0.006455,0.004418,0.005782,0.007432,0.004413,0.001885
Pensions,0.011981,0.013049,0.011472,0.011781,0.010078,0.010608,0.010294,0.010724,0.009679,0.008327,0.010662,0.009651,0.008818,0.009586,0.010206,0.007151,0.011559
Iraq War,0.011979,0.012582,0.013160,0.013658,0.009175,0.005174,0.003724,0.002407,0.002947,0.001892,0.001362,0.001668,0.001129,0.000983,0.001287,0.001242,0.000921
Norway,0.011976,0.009321,0.011018,0.007046,0.006919,0.006079,0.007831,0.009046,0.009791,0.006102,0.009111,0.007124,0.007868,0.006836,0.010011,0.007642,0.008715
Planned Parenthood,0.011974,0.008621,0.012703,0.009139,0.009929,0.009313,0.007283,0.010835,0.010309,0.008472,0.007929,0.007649,0.009691,0.010409,0.007982,0.008409,0.005761
Venezuela,0.011648,0.011418,0.014227,0.011447,0.021660,0.024004,0.041402,0.007987,0.010421,0.012235,0.014551,0.010731,0.009199,0.008818,0.010010,0.054222,0.070736
Electoral college,0.011646,0.002097,0.001226,0.001873,0.004740,0.001423,0.001040,0.001423,0.002347,0.001986,0.001697,0.001644,0.002674,0.003132,0.001938,0.002748,0.005069
Supreme Court,0.010961,0.012815,0.028606,0.010128,0.008428,0.010865,0.035195,0.012657,0.011883,0.010931,0.009587,0.012060,0.010447,0.012286,0.012623,0.032249,0.023254
Afghanistan,0.010959,0.010952,0.008260,0.007817,0.009026,0.009767,0.015499,0.013429,0.010738,0.010387,0.008667,0.007434,0.006300,0.005831,0.007366,0.010161,0.006804
Federal reserve system,0.010959,0.014214,0.012696,0.007487,0.024228,0.008860,0.009746,0.007184,0.008990,0.005369,0.009383,0.005622,0.007848,0.006282,0.007915,0.004054,0.003965
European Union,0.010952,0.007923,0.006884,0.006275,0.005866,0.005627,0.005640,0.004157,0.005180,0.003807,0.003640,0.005074,0.003328,0.003848,0.003947,0.003502,0.004631
Muslims,0.010624,0.010486,0.019889,0.013212,0.014893,0.010671,0.010787,0.011455,0.010762,0.011545,0.010097,0.019386,0.018398,0.018192,0.009923,0.015666,0.011143
Teddy Roosevelt,0.010622,0.006058,0.005970,0.005396,0.005267,0.007179,0.004326,0.004742,0.004921,0.005698,0.004131,0.004859,0.005428,0.005782,0.006041,0.005442,0.005022
FCC,0.010617,0.008855,0.006732,0.004626,0.004964,0.004850,0.004380,0.004157,0.003777,0.003618,0.003372,0.003311,0.003387,0.002665,0.002934,0.001651,0.001282
Arabic,0.010611,0.008389,0.013923,0.011450,0.015048,0.015458,0.025483,0.016346,0.014004,0.011857,0.011864,0.013448,0.012077,0.012826,0.011875,0.011649,0.016920
Same-sex marriage,0.010611,0.008389,0.005660,0.004514,0.003836,0.004850,0.005640,0.004303,0.008127,0.007190,0.009207,0.007458,0.004140,0.003299,0.001939,0.002161,0.001953
Edward Kennedy,0.010270,0.003262,0.003521,0.001872,0.015496,0.001940,0.001314,0.000730,0.000487,0.000308,0.000268,0.000286,0.000317,0.000350,0.004118,0.000728,0.000402
Saddam Hussein,0.009935,0.005825,0.005203,0.010347,0.003910,0.002005,0.002081,0.001896,0.001689,0.001135,0.001228,0.001381,0.001287,0.000933,0.000875,0.000961,0.000938
Ukraine,0.009928,0.007922,0.005965,0.005615,0.006770,0.004915,0.006406,0.004741,0.004838,0.004990,0.017604,0.012876,0.007131,0.006967,0.006092,0.005828,0.008722
hurricane,0.009926,0.014447,0.029528,0.018606,0.013391,0.015593,0.012377,0.011858,0.009851,0.014334,0.010299,0.008771,0.010269,0.011276,0.016112,0.011091,0.012843
Medicaid,0.009591,0.015146,0.017902,0.015087,0.015116,0.017399,0.017531,0.018760,0.018755,0.018168,0.022143,0.025827,0.024120,0.022891,0.025727,0.013317,0.013549
Confederate states,0.009591,0.005126,0.003976,0.005285,0.003234,0.004786,0.003395,0.003100,0.003119,0.003334,0.003461,0.003692,0.005467,0.007200,0.004066,0.004356,0.002815
Lockheed,0.009589,0.008156,0.007650,0.006826,0.006841,0.006143,0.005750,0.004668,0.004349,0.002908,0.003282,0.003431,0.002516,0.003448,0.002916,0.002381,0.002547
Coast Guard,0.008902,0.008389,0.007497,0.011007,0.009400,0.008085,0.006406,0.005946,0.005238,0.004847,0.004779,0.005337,0.004853,0.004381,0.005783,0.003862,0.002937
San Bernardino,0.008571,0.007223,0.008721,0.005063,0.007144,0.007114,0.005695,0.008132,0.009391,0.014417,0.007886,0.008219,0.009813,0.010040,0.008826,0.006954,0.006088
Global warming,0.008223,0.008855,0.010556,0.026095,0.021374,0.013452,0.011663,0.007257,0.004837,0.005605,0.007707,0.005645,0.004932,0.007031,0.004497,0.005152,0.005554
Torture,0.008219,0.008155,0.006886,0.004405,0.004589,0.005626,0.006187,0.005033,0.005094,0.004872,0.005293,0.006029,0.004319,0.005231,0.004255,0.004088,0.003821
Public transportation,0.007882,0.008854,0.008413,0.006496,0.007221,0.006081,0.006571,0.005179,0.005096,0.004850,0.005203,0.004454,0.004022,0.004431,0.003191,0.002483,0.001959
Romania,0.007880,0.008389,0.007649,0.006937,0.006996,0.004204,0.010130,0.004193,0.003635,0.004281,0.004153,0.003978,0.003169,0.003531,0.003363,0.002542,0.004650
North Korea,0.007878,0.003961,0.005660,0.003632,0.002106,0.003428,0.004326,0.004157,0.003178,0.024253,0.006699,0.006623,0.009596,0.008152,0.032435,0.009464,0.004566
Denmark,0.007876,0.008855,0.012853,0.003964,0.006466,0.005045,0.006078,0.005507,0.006699,0.003855,0.005002,0.005148,0.005466,0.004997,0.005320,0.004392,0.003818
El Salvador,0.007873,0.009786,0.008567,0.005505,0.007897,0.013000,0.013966,0.007987,0.010479,0.008398,0.010183,0.009149,0.009313,0.010518,0.009634,0.012734,0.009429
Jerusalem,0.007873,0.006062,0.004897,0.003965,0.004510,0.005304,0.003504,0.004194,0.004035,0.003926,0.004176,0.004478,0.003861,0.003517,0.005920,0.006721,0.005108
Thrift Savings Plan,0.007873,0.011651,0.007801,0.007377,0.006841,0.004010,0.004271,0.005689,0.004494,0.005179,0.004845,0.005098,0.003605,0.004465,0.004805,0.003581,0.004138
World Trade Center,0.007869,0.006058,0.008414,0.005174,0.004739,0.004009,0.003942,0.003537,0.003377,0.003334,0.003282,0.003192,0.003406,0.002299,0.002350,0.002398,0.002531
Youngstown,0.007532,0.004194,0.003826,0.005946,0.003989,0.003816,0.003559,0.004522,0.004951,0.005818,0.005338,0.005241,0.005172,0.004798,0.004736,0.002646,0.002889
Georgetown University,0.007532,0.008855,0.004589,0.007157,0.005115,0.005174,0.005038,0.005215,0.004552,0.003382,0.003952,0.004120,0.004179,0.003847,0.003227,0.004125,0.003225
National Institutes of Health,0.007523,0.010486,0.007799,0.006165,0.006466,0.008862,0.006352,0.005214,0.004751,0.004044,0.004041,0.003930,0.003267,0.003932,0.003242,0.001821,0.002699
Department of Justice,0.007204,0.008854,0.006729,0.006717,0.004889,0.005498,0.004490,0.003792,0.003636,0.004066,0.003149,0.002740,0.002674,0.003565,0.003465,0.001639,0.001648
Morocco,0.007188,0.006291,0.006732,0.005835,0.007069,0.007244,0.010240,0.005361,0.005809,0.003832,0.005314,0.005382,0.005071,0.005916,0.007707,0.005175,0.006701
Joe Lieberman,0.007188,0.001865,0.001223,0.000771,0.001052,0.001358,0.001205,0.000474,0.000887,0.000307,0.000133,0.000000,0.000000,0.000134,0.000000,0.000138,0.000079
Arab,0.007186,0.007923,0.009635,0.007156,0.008497,0.008538,0.016434,0.008025,0.007273,0.007213,0.008868,0.012109,0.008123,0.006682,0.005147,0.004829,0.004502
Beijing,0.007186,0.008389,0.006118,0.005837,0.010832,0.007891,0.006408,0.004742,0.005068,0.004139,0.004399,0.004454,0.004002,0.004414,0.004187,0.003792,0.003340
Overtime pay,0.006849,0.002563,0.001378,0.001542,0.001504,0.001358,0.001533,0.001532,0.001947,0.001419,0.001496,0.001620,0.002496,0.002149,0.002556,0.001746,0.001712
Saudi Arabia,0.006845,0.007223,0.007648,0.006055,0.005564,0.007310,0.016921,0.006237,0.005954,0.005959,0.006342,0.009889,0.008401,0.007201,0.005440,0.006242,0.006099
Thomas Edison,0.006845,0.006991,0.005355,0.004956,0.003912,0.003816,0.003669,0.003391,0.003064,0.002885,0.002411,0.003620,0.003545,0.003132,0.002985,0.002293,0.002988
Automotive Industry,0.006845,0.002097,0.004284,0.002973,0.003384,0.004139,0.002519,0.002334,0.003692,0.001845,0.002054,0.001953,0.001604,0.001832,0.002333,0.001331,0.001177
California Wild Fires,0.006841,0.003262,0.004285,0.005064,0.008802,0.003104,0.002628,0.002589,0.001689,0.002460,0.002233,0.001691,0.001961,0.001915,0.002556,0.002344,0.002879
ISIS,0.006807,0.002798,0.002601,0.002864,0.002407,0.001488,0.001478,0.001933,0.002175,0.001773,0.002478,0.033111,0.029254,0.008867,0.005801,0.006326,0.011615
Hungary,0.006510,0.007923,0.004589,0.003965,0.003610,0.003104,0.005914,0.003865,0.002577,0.002294,0.002612,0.002978,0.002357,0.002848,0.002710,0.002435,0.003532
Palestinian Territories,0.006203,0.001631,0.006118,0.001322,0.001956,0.003234,0.002519,0.002043,0.001431,0.001868,0.001183,0.002239,0.001050,0.001899,0.001698,0.001799,0.001983
Law Enforcement,0.006162,0.005359,0.005817,0.003632,0.004738,0.005045,0.004052,0.004085,0.004265,0.004233,0.003796,0.003048,0.003446,0.004032,0.003757,0.003764,0.003615
Fannie Mae,0.006160,0.005825,0.003057,0.004296,0.004966,0.006209,0.004601,0.006820,0.005866,0.004989,0.003863,0.003693,0.003011,0.004717,0.003997,0.001894,0.001343
Wall Street,0.006160,0.005359,0.004285,0.004405,0.005039,0.005432,0.004380,0.003537,0.003691,0.003098,0.004912,0.004360,0.003684,0.003598,0.003397,0.002188,0.001871
Charter schools,0.006160,0.005825,0.007647,0.006823,0.005340,0.008731,0.008871,0.009266,0.008303,0.007260,0.007616,0.007820,0.007391,0.008084,0.007363,0.005845,0.010492
Haiti,0.006152,0.009321,0.009791,0.006826,0.007447,0.008084,0.140316,0.014228,0.010476,0.009727,0.008153,0.008243,0.008501,0.009265,0.009684,0.008153,0.006870
Lebanon,0.005823,0.005593,0.004437,0.008807,0.005715,0.006209,0.005640,0.007952,0.004035,0.003310,0.003796,0.005360,0.004002,0.003815,0.003671,0.003328,0.005884
Aid,0.005821,0.003961,0.003978,0.004074,0.004813,0.004139,0.004764,0.004303,0.004236,0.003050,0.003126,0.003573,0.003051,0.003981,0.004117,0.002822,0.002119
C-SPAN,0.005819,0.008388,0.016064,0.011010,0.005792,0.008537,0.009584,0.008463,0.005897,0.005464,0.005427,0.003813,0.003268,0.003781,0.004512,0.011039,0.010389
Affirmative action,0.005477,0.004194,0.004130,0.002862,0.001881,0.002263,0.002026,0.001568,0.001517,0.001655,0.001273,0.001095,0.001050,0.001815,0.001407,0.001262,0.000977
Burma,0.005445,0.003262,0.003674,0.003523,0.003760,0.002393,0.002628,0.003063,0.005010,0.004446,0.005492,0.004834,0.004456,0.003765,0.003448,0.002647,0.002742
Taliban,0.005445,0.001397,0.001531,0.000660,0.001129,0.002069,0.001752,0.000766,0.001460,0.001230,0.001005,0.001501,0.001228,0.000816,0.001458,0.003384,0.000750
Arabian Peninsula,0.005445,0.003029,0.002449,0.001872,0.001879,0.001940,0.002628,0.001495,0.001717,0.001253,0.001317,0.002048,0.001782,0.002065,0.001475,0.001881,0.002163
Usama bin Laden,0.005142,0.004660,0.007647,0.004514,0.004063,0.002587,0.003504,0.001642,0.006012,0.008734,0.002456,0.003264,0.004259,0.002199,0.001527,0.002332,0.001705
Minimum wage,0.005142,0.005592,0.005659,0.015747,0.009926,0.010995,0.009748,0.008170,0.010107,0.062884,0.058219,0.020931,0.016151,0.012918,0.015548,0.016871,0.015788
Euthanasia,0.005142,0.005359,0.003210,0.002752,0.002782,0.002393,0.002245,0.001605,0.002461,0.002176,0.001987,0.001858,0.001465,0.001799,0.001715,0.001785,0.001404
American Armed Forces,0.005140,0.003962,0.005049,0.004624,0.004136,0.003299,0.003778,0.002954,0.003636,0.003097,0.002769,0.003122,0.003664,0.003715,0.003191,0.005525,0.004363
Foreign Service,0.004824,0.001399,0.001071,0.000991,0.000452,0.000387,0.000548,0.000292,0.000457,0.000331,0.000335,0.000191,0.000276,0.000283,0.000223,0.000150,0.000099
Estate tax in the United States,0.004824,0.002796,0.001836,0.001321,0.001806,0.001294,0.001314,0.001349,0.001145,0.000946,0.000982,0.001763,0.001168,0.000583,0.000806,0.004976,0.000238
Zimbabwe,0.004799,0.005593,0.004740,0.003192,0.002782,0.003040,0.002957,0.001605,0.001917,0.002223,0.002456,0.002954,0.001921,0.001999,0.001750,0.001540,0.001403
West Africa,0.004794,0.003029,0.002447,0.002092,0.001655,0.001229,0.001752,0.001167,0.001088,0.001301,0.001072,0.001429,0.001644,0.001566,0.001767,0.001336,0.001043
Capital gains tax,0.004794,0.002563,0.003978,0.002421,0.001806,0.001552,0.003560,0.001203,0.005408,0.001632,0.002009,0.003931,0.001882,0.002398,0.003396,0.002059,0.003040
Little League,0.004792,0.006291,0.006427,0.007267,0.006241,0.007954,0.006079,0.007148,0.006328,0.005535,0.005113,0.004933,0.003586,0.005481,0.004272,0.003554,0.002571
Libya,0.004792,0.002097,0.003059,0.001651,0.001505,0.003169,0.008542,0.001605,0.004666,0.002269,0.002121,0.001643,0.001822,0.001482,0.002333,0.001301,0.001360
Bulgaria,0.004790,0.004194,0.003671,0.003743,0.003609,0.002717,0.002847,0.002188,0.002518,0.002270,0.002009,0.001953,0.001941,0.002015,0.002042,0.001540,0.002283
Articles of Confederation,0.004790,0.001631,0.001378,0.001652,0.001504,0.001099,0.001533,0.002589,0.002575,0.001868,0.002255,0.002501,0.002594,0.001815,0.002539,0.002230,0.001888
Truman,0.004788,0.008854,0.005354,0.004735,0.006167,0.004786,0.003067,0.002735,0.003004,0.003216,0.002568,0.003239,0.002693,0.004715,0.003638,0.003184,0.003023
National Anthem,0.004788,0.002796,0.003214,0.002533,0.002932,0.002328,0.002135,0.002188,0.004035,0.001940,0.003327,0.002192,0.003149,0.001949,0.003964,0.003277,0.002861
National Debt of the United States,0.004788,0.004194,0.004285,0.002642,0.002632,0.003815,0.005804,0.006528,0.007842,0.003500,0.003483,0.005265,0.005784,0.004182,0.002762,0.005965,0.010465
Bali,0.004765,0.003728,0.003518,0.003962,0.004138,0.003880,0.002628,0.002990,0.003635,0.002482,0.003215,0.004336,0.003664,0.004465,0.004203,0.005302,0.005870
Baghdad,0.004765,0.003262,0.002141,0.003524,0.001730,0.000970,0.001478,0.001313,0.001088,0.000851,0.000625,0.000739,0.000852,0.000883,0.000566,0.000652,0.001073
Lobbying,0.004765,0.003262,0.003979,0.004074,0.003610,0.002522,0.004709,0.002881,0.003748,0.002033,0.001920,0.002548,0.003883,0.004631,0.001921,0.002145,0.001701
Congo,0.004455,0.003961,0.003215,0.003963,0.003085,0.002846,0.002793,0.002699,0.003062,0.002767,0.002523,0.003454,0.002674,0.002998,0.002453,0.002568,0.002138
Hispanic American,0.004453,0.004427,0.004284,0.002201,0.003311,0.003104,0.002300,0.001933,0.001718,0.002435,0.001942,0.001691,0.001426,0.002365,0.002727,0.003368,0.003359
California Institute of Technology,0.004453,0.003029,0.002754,0.002753,0.001429,0.002910,0.002957,0.002480,0.001774,0.001584,0.001161,0.001453,0.001881,0.001432,0.001029,0.000949,0.000966
Laura Bush,0.004453,0.003961,0.002600,0.002533,0.001353,0.000711,0.000493,0.001422,0.000343,0.000213,0.000268,0.000286,0.000277,0.000300,0.000823,0.000323,0.000207
Mali,0.004444,0.003961,0.002293,0.002423,0.001805,0.002199,0.002354,0.001204,0.001402,0.003618,0.001697,0.002025,0.001564,0.001849,0.001630,0.001406,0.001163
Gulf Coast,0.004135,0.002796,0.003664,0.002203,0.003010,0.002134,0.001314,0.001932,0.002462,0.001987,0.003036,0.002430,0.002238,0.001915,0.001835,0.001717,0.000939
Federal Housing Administration,0.004116,0.004427,0.003824,0.002752,0.008875,0.013777,0.008708,0.007186,0.008186,0.006601,0.005404,0.007388,0.005169,0.005698,0.005851,0.004164,0.003733
Somalia,0.004114,0.003262,0.002448,0.003963,0.002481,0.003363,0.002464,0.003646,0.013316,0.002294,0.004220,0.002621,0.001822,0.002532,0.001853,0.002262,0.002215
Alexander Graham Bell,0.004112,0.001863,0.002447,0.001211,0.001580,0.001100,0.001205,0.000985,0.001230,0.000970,0.000871,0.000786,0.000773,0.001233,0.001115,0.000609,0.000578
Dwight D. Eisenhower,0.004110,0.002796,0.003979,0.003303,0.002783,0.003880,0.002574,0.002918,0.002463,0.003169,0.002902,0.003359,0.002834,0.004665,0.003106,0.005395,0.002522
gun control,0.004103,0.003728,0.002141,0.001872,0.002480,0.003557,0.001314,0.003027,0.001345,0.017249,0.003528,0.001810,0.006936,0.002282,0.001595,0.002349,0.004193
NATO,0.004103,0.004661,0.002751,0.001540,0.002857,0.002522,0.002300,0.002735,0.002347,0.002601,0.002545,0.003169,0.002694,0.007117,0.003019,0.012134,0.003801
Sudan,0.004084,0.007457,0.006731,0.004404,0.004361,0.004462,0.003340,0.004923,0.002175,0.002506,0.002635,0.004336,0.002040,0.002665,0.002401,0.001699,0.001860
Elkhart,0.004084,0.001864,0.002450,0.002972,0.002406,0.002781,0.003012,0.002443,0.003148,0.002838,0.003104,0.003216,0.003665,0.004864,0.003381,0.001606,0.001544
Pentagon,0.003768,0.003495,0.002905,0.002422,0.002257,0.002070,0.001752,0.002152,0.002548,0.002317,0.001764,0.002073,0.002496,0.002015,0.002608,0.002162,0.001379
Tunisia,0.003766,0.002329,0.002447,0.000991,0.001805,0.001811,0.002464,0.012656,0.001489,0.001419,0.001474,0.001929,0.001505,0.001433,0.001338,0.001065,0.001843
Tax Cuts,0.003766,0.003726,0.005811,0.002422,0.006170,0.006856,0.003395,0.002116,0.001317,0.000378,0.000469,0.000857,0.000376,0.000816,0.008137,0.003003,0.001487
Cheney,0.003766,0.002563,0.001989,0.005064,0.003761,0.001423,0.000712,0.001167,0.001144,0.001820,0.000938,0.000810,0.000554,0.000616,0.000669,0.002516,0.000782
Jakarta,0.003764,0.004197,0.001834,0.000880,0.001956,0.001229,0.001424,0.001094,0.000687,0.001206,0.001273,0.002429,0.001545,0.001083,0.000789,0.000793,0.001107
Freddie Mac,0.003764,0.003262,0.001529,0.001762,0.003234,0.004010,0.002300,0.002772,0.003806,0.002058,0.001541,0.001309,0.000852,0.001099,0.001183,0.000775,0.000484
West Point,0.003764,0.004428,0.005047,0.003962,0.003236,0.002716,0.003614,0.003100,0.003119,0.002034,0.002121,0.001977,0.002139,0.002415,0.002247,0.001906,0.001896
Tariff,0.003762,0.003495,0.005050,0.002753,0.002556,0.003234,0.003504,0.002845,0.002690,0.002838,0.003170,0.003764,0.003070,0.004716,0.003964,0.009417,0.003963
Keystone,0.003446,0.001398,0.002446,0.001982,0.002183,0.001358,0.001588,0.001276,0.001459,0.001442,0.000960,0.001000,0.001446,0.001083,0.001149,0.001248,0.001078
COBRA,0.003427,0.004893,0.003519,0.002973,0.004288,0.009831,0.005586,0.003136,0.002376,0.001727,0.001674,0.001739,0.001426,0.001832,0.001750,0.001060,0.001109
Commerce Department,0.003427,0.003262,0.001221,0.002971,0.001655,0.003298,0.001697,0.001422,0.001231,0.000898,0.000848,0.000810,0.000733,0.001333,0.000823,0.000818,0.000243
Social Security,0.003425,0.008855,0.001988,0.002864,0.005114,0.004722,0.006023,0.004632,0.004207,0.003807,0.005742,0.004931,0.005311,0.004831,0.006263,0.021357,0.022583
Space exploration,0.003425,0.002097,0.001683,0.001431,0.001128,0.000841,0.000712,0.001094,0.000745,0.000875,0.000580,0.000643,0.000852,0.000849,0.000669,0.000902,0.001235
Bahrain,0.003422,0.001631,0.003058,0.002203,0.002106,0.001552,0.003066,0.002006,0.001660,0.001750,0.001585,0.001929,0.002654,0.001083,0.000823,0.001022,0.001008
Capitol,0.003422,0.003962,0.004739,0.001982,0.002032,0.003234,0.002300,0.003902,0.002719,0.002317,0.002411,0.003025,0.003188,0.002565,0.004564,0.004775,0.003958
Department of Energy,0.003422,0.006986,0.004895,0.001761,0.002558,0.003686,0.002683,0.002480,0.001747,0.001324,0.000960,0.001429,0.000851,0.001016,0.000738,0.000824,0.000635
Anti-abortion movements,0.003420,0.003262,0.002295,0.002092,0.001805,0.001617,0.002355,0.001350,0.002289,0.000922,0.001250,0.001358,0.000931,0.001116,0.001338,0.003679,0.002115
Warren Buffett,0.003403,0.003262,0.002296,0.002093,0.002705,0.003233,0.002519,0.003537,0.015327,0.002388,0.003483,0.002168,0.003466,0.005882,0.005696,0.002633,0.002306
Syria,0.003403,0.005360,0.004131,0.003412,0.002634,0.002199,0.004107,0.002663,0.005151,0.006150,0.007126,0.005693,0.011339,0.009784,0.006196,0.006408,0.009256
Drug Overdose,0.003403,0.003262,0.004895,0.003633,0.005414,0.006273,0.004326,0.007112,0.006699,0.005606,0.006096,0.006099,0.007987,0.007568,0.008481,0.010486,0.015003
Al Qaida,0.003403,0.001863,0.003823,0.002311,0.002558,0.001488,0.002081,0.001203,0.001259,0.001584,0.001273,0.001596,0.000832,0.000700,0.000412,0.000670,0.000778
National security,0.003403,0.001398,0.001683,0.001541,0.001653,0.001164,0.001862,0.001131,0.000686,0.000520,0.000759,0.001120,0.000871,0.001399,0.001098,0.001168,0.000918
ROTC,0.003083,0.001631,0.003519,0.002312,0.002782,0.003622,0.003121,0.005180,0.002747,0.002459,0.002768,0.002239,0.002179,0.001882,0.002127,0.001677,0.001805
Edison,0.003083,0.002795,0.003673,0.003413,0.003685,0.004786,0.004545,0.005289,0.005379,0.004658,0.004220,0.003931,0.004042,0.005381,0.004992,0.004655,0.003683
Defense of Marriage Act,0.003081,0.000000,0.000916,0.000000,0.000600,0.000000,0.000000,0.000328,0.000658,0.000804,0.000469,0.000286,0.000316,0.000250,0.000240,0.000162,0.000099
Legality of cannabis,0.003081,0.002330,0.001835,0.001323,0.001880,0.007955,0.002738,0.002443,0.002174,0.003074,0.005760,0.002954,0.002734,0.003231,0.003346,0.004289,0.001605
Military service,0.003081,0.001399,0.001530,0.001211,0.001354,0.001811,0.002136,0.001496,0.001260,0.001561,0.001541,0.001929,0.001327,0.001632,0.001235,0.002067,0.001507
Federal Tax Code,0.003079,0.002795,0.002447,0.001543,0.001204,0.001552,0.002191,0.001167,0.001116,0.000993,0.001027,0.000977,0.000852,0.000866,0.000943,0.000553,0.000545
Blacksburg,0.002757,0.002330,0.002600,0.003523,0.003537,0.002910,0.002738,0.003684,0.003063,0.002909,0.002300,0.002167,0.002377,0.003482,0.002419,0.001660,0.001697
Cape Town,0.002757,0.001631,0.001377,0.001982,0.002331,0.002781,0.003668,0.001824,0.001775,0.001584,0.001741,0.002215,0.001822,0.002399,0.004752,0.001547,0.001667
Border Patrol Agents,0.002757,0.000000,0.002753,0.002862,0.001805,0.003751,0.002136,0.001532,0.001603,0.001182,0.001295,0.001144,0.001189,0.001982,0.001527,0.002855,0.004266
Hoover Dam,0.002757,0.000000,0.001989,0.001540,0.001804,0.001293,0.001862,0.002261,0.001860,0.001277,0.001541,0.001358,0.001307,0.001432,0.001561,0.001280,0.000994
NAFTA,0.002757,0.002796,0.001683,0.002202,0.002406,0.002329,0.001314,0.001130,0.001775,0.001371,0.000871,0.001168,0.000951,0.002498,0.002230,0.058824,0.027055
John McCain,0.002757,0.001631,0.003977,0.011671,0.045705,0.006596,0.006352,0.003537,0.003521,0.002128,0.002635,0.001905,0.002575,0.003381,0.004049,0.008050,0.001824
Elyria,0.002757,0.001865,0.000918,0.001540,0.001580,0.000905,0.000876,0.001386,0.001489,0.001892,0.002121,0.002453,0.002020,0.001832,0.001647,0.001180,0.001135
Social programs in the United States,0.002757,0.001631,0.001834,0.001431,0.001128,0.002458,0.002136,0.005288,0.003006,0.002460,0.002434,0.002121,0.002060,0.002732,0.002247,0.001948,0.000468
National Security Agency,0.002757,0.003961,0.008109,0.003633,0.003308,0.003298,0.002245,0.004486,0.002747,0.002152,0.007975,0.003050,0.002595,0.002315,0.002230,0.001624,0.001276
Climate change,0.002757,0.001398,0.001529,0.003082,0.003835,0.003428,0.004381,0.002261,0.002690,0.004068,0.005271,0.004933,0.004932,0.007199,0.005387,0.006098,0.006423
Immigration to the United States,0.002757,0.002563,0.003664,0.001211,0.002030,0.001358,0.001095,0.000839,0.001030,0.000899,0.001250,0.001167,0.001268,0.001549,0.001475,0.001259,0.000454
Campaign finance,0.002757,0.001397,0.001989,0.000880,0.001730,0.001099,0.004928,0.000802,0.001087,0.000757,0.000848,0.000715,0.000950,0.000633,0.000961,0.000577,0.000530
First amendment,0.002742,0.006291,0.004130,0.002533,0.004361,0.003169,0.005311,0.003355,0.003406,0.002790,0.002635,0.002739,0.002971,0.003382,0.003843,0.002685,0.005091
Interstate Highway System,0.002740,0.002329,0.001377,0.002092,0.001879,0.001681,0.001588,0.001641,0.001288,0.001182,0.004622,0.001644,0.001743,0.001766,0.001441,0.001263,0.001512
Government spending,0.002740,0.000000,0.001224,0.000991,0.001504,0.003169,0.002409,0.004012,0.001345,0.001703,0.000871,0.000762,0.001307,0.001682,0.000943,0.001106,0.000592
World Trade Organization,0.002738,0.003029,0.002142,0.001432,0.001354,0.001423,0.001040,0.001568,0.000630,0.000852,0.000558,0.000643,0.000515,0.000716,0.000549,0.000491,0.000524
National Endowment for Democracy,0.002723,0.000000,0.000000,0.000000,0.000000,0.000000,0.000000,0.000000,0.000173,0.000000,0.000000,0.000000,0.000000,0.000000,0.000000,0.000019,0.000008
Damascus,0.002723,0.001397,0.001223,0.001210,0.001430,0.000841,0.001150,0.001495,0.001545,0.001348,0.001161,0.001286,0.001109,0.001532,0.001132,0.002066,0.001567
Hizballah,0.002723,0.000000,0.000000,0.000881,0.000601,0.000517,0.000602,0.001167,0.000343,0.000237,0.000223,0.000762,0.000396,0.000233,0.000377,0.000241,0.000173
Normandy,0.002723,0.002097,0.001682,0.001320,0.000903,0.001035,0.002300,0.000656,0.000858,0.001230,0.001139,0.000858,0.000713,0.000933,0.001012,0.002235,0.001261
Diversity Immigrant Visa,0.002723,0.000000,0.000000,0.000661,0.000527,0.000648,0.000331,0.000656,0.000515,0.000236,0.000357,0.000309,0.000297,0.000566,0.001990,0.000231,0.000303
Corporate tax,0.002723,0.002796,0.003066,0.001871,0.001580,0.001811,0.002026,0.002334,0.001917,0.001703,0.001407,0.001619,0.001584,0.002132,0.002488,0.000878,0.001174
American Dream,0.002398,0.003728,0.001683,0.001872,0.001579,0.002845,0.001862,0.001896,0.002118,0.001419,0.001898,0.002215,0.001723,0.001832,0.001904,0.001680,0.001605
First Lady,0.002398,0.002330,0.001224,0.001211,0.000977,0.001746,0.000602,0.001203,0.001488,0.002081,0.001474,0.001524,0.003982,0.003248,0.004100,0.001133,0.010085
Southeast Asia,0.002398,0.003029,0.001837,0.001431,0.001203,0.001293,0.001150,0.000766,0.001288,0.001206,0.001228,0.002073,0.001446,0.001533,0.001304,0.001222,0.001102
Great Plains,0.002398,0.003730,0.001682,0.001431,0.001430,0.000776,0.001205,0.001313,0.001231,0.001135,0.001094,0.001167,0.001347,0.001149,0.000995,0.000976,0.000594
Atlantic Ocean,0.002398,0.003262,0.001377,0.001432,0.001128,0.001746,0.002081,0.001714,0.001631,0.001372,0.001541,0.001739,0.001584,0.001266,0.001870,0.001547,0.001470
Yemen,0.002396,0.002097,0.001989,0.001652,0.000903,0.001746,0.003724,0.002079,0.002461,0.001939,0.002032,0.014671,0.003288,0.014956,0.002830,0.003031,0.002072
Cairo,0.002396,0.003728,0.003364,0.001652,0.002857,0.003169,0.002300,0.004340,0.001859,0.001277,0.001228,0.001715,0.001248,0.001083,0.001630,0.001480,0.001451
Coretta Scott King,0.002068,0.001397,0.057251,0.002863,0.001805,0.001035,0.000548,0.000583,0.000659,0.001372,0.000558,0.001905,0.000554,0.000600,0.000446,0.000531,0.000431
Steve Jobs,0.002068,0.003029,0.001837,0.001651,0.003159,0.003428,0.017690,0.004524,0.016154,0.004469,0.004734,0.004574,0.006717,0.003065,0.003414,0.002545,0.003113
Adnan Pachachi,0.002068,0.000000,0.000000,0.000000,0.000000,0.000000,0.000000,0.000000,0.000000,0.000000,0.000000,0.000000,0.000000,0.000000,0.000000,0.000000,0.000000
Kurds,0.002068,0.002330,0.000920,0.000991,0.000527,0.000970,0.000821,0.000839,0.000429,0.000473,0.000357,0.000905,0.000832,0.000916,0.000823,0.000693,0.000707
Federal Convention,0.002068,0.001399,0.001837,0.000991,0.000827,0.000905,0.001259,0.001021,0.001488,0.001159,0.000871,0.001310,0.001525,0.000999,0.001372,0.001233,0.001013
Sikh,0.002068,0.001397,0.000000,0.000882,0.001353,0.001035,0.000602,0.000511,0.001832,0.001112,0.001116,0.000619,0.001604,0.001199,0.000600,0.000752,0.000246
Voting Rights Act,0.002068,0.000000,0.000000,0.000771,0.001051,0.000516,0.000442,0.000292,0.000429,0.000378,0.000804,0.000548,0.000396,0.000716,0.000515,0.000517,0.000422
Tehran,0.002068,0.000000,0.001529,0.000660,0.000978,0.001164,0.001205,0.001349,0.001373,0.002057,0.002411,0.002977,0.002337,0.000733,0.001304,0.000844,0.000710
Voice of America,0.002068,0.001399,0.001988,0.001982,0.000902,0.001682,0.002300,0.002334,0.002834,0.002814,0.002389,0.002834,0.002555,0.002848,0.002144,0.002206,0.001309
Tax Reform,0.002068,0.001399,0.000920,0.000000,0.000753,0.000000,0.000000,0.000219,0.000200,0.000378,0.000135,0.000548,0.000198,0.000633,0.006797,0.001326,0.000292
Free trade,0.002068,0.001863,0.000918,0.000991,0.001279,0.000905,0.000876,0.001459,0.000688,0.001112,0.000759,0.000595,0.000634,0.000966,0.000669,0.000666,0.000463
Golden Gate Bridge,0.002055,0.002796,0.001527,0.001981,0.002106,0.001293,0.001862,0.001641,0.002262,0.001537,0.001563,0.002002,0.001485,0.001582,0.001630,0.001321,0.001225
South Asia,0.002055,0.001864,0.001840,0.001101,0.001354,0.001164,0.001150,0.001021,0.000945,0.001206,0.000826,0.001334,0.000931,0.001316,0.001218,0.000945,0.000721
Seoul,0.002055,0.002330,0.002752,0.002533,0.001655,0.002651,0.002464,0.002042,0.002777,0.002364,0.002121,0.002549,0.002278,0.003048,0.003174,0.003053,0.002220
Palestinian,0.002055,0.001865,0.001990,0.002312,0.001880,0.001293,0.000773,0.000876,0.001030,0.000378,0.000558,0.000762,0.000713,0.000733,0.000755,0.000913,0.001723
Flags of the confederate states,0.002055,0.001397,0.001529,0.001652,0.000828,0.001875,0.001095,0.001058,0.001258,0.001395,0.001608,0.001191,0.002970,0.004448,0.001578,0.001777,0.000072
Affordable Care Act,0.002042,0.000000,0.000920,0.001211,0.001203,0.001293,0.001862,0.004924,0.005553,0.015703,0.038857,0.020885,0.015621,0.018608,0.009342,0.008855,0.005659
Gitmo,0.002042,0.002563,0.001377,0.001541,0.001729,0.005109,0.001807,0.001240,0.001173,0.000899,0.003304,0.010629,0.004120,0.000450,0.012920,0.000639,0.000492
Master Lock,0.002042,0.001399,0.001527,0.000991,0.000451,0.001164,0.000821,0.001021,0.004409,0.000898,0.000893,0.000834,0.000931,0.000883,0.000892,0.000739,0.000729
Shi'a,0.002042,0.003495,0.002143,0.003853,0.001505,0.001164,0.001314,0.001969,0.001144,0.001466,0.000714,0.002501,0.001941,0.001249,0.001115,0.001120,0.000949
Interior Department,0.002042,0.000000,0.000920,0.001211,0.001203,0.001099,0.000652,0.000948,0.000458,0.000425,0.000402,0.000310,0.000317,0.000583,0.000429,0.000287,0.002506
Genetically modified organism,0.002042,0.002796,0.001989,0.001323,0.001353,0.001811,0.001752,0.001969,0.002919,0.004447,0.006388,0.005980,0.005368,0.006066,0.004187,0.003619,0.002797
Abortion-rights movement,0.002042,0.001864,0.002599,0.001102,0.000828,0.001682,0.000493,0.000766,0.001201,0.000497,0.000692,0.000572,0.000436,0.000699,0.000497,0.002138,0.000962
Flag desecration,0.002042,0.001397,0.000000,0.000000,0.000000,0.000648,0.000000,0.000292,0.000228,0.000190,0.000000,0.000142,0.000119,0.000217,0.000103,0.000224,0.000076
Biden,0.000000,0.000000,0.000918,0.002424,0.001579,0.008927,0.007447,0.008682,0.008303,0.018411,0.016569,0.015262,0.020037,0.006782,0.002522,0.006678,0.036365
ICE,0.000000,0.002330,0.001684,0.003193,0.002029,0.002458,0.002136,0.003356,0.002376,0.002128,0.002456,0.001477,0.002377,0.006181,0.005560,0.024852,0.033577
Romney,0.000000,0.000000,0.001071,0.003635,0.043870,0.000647,0.001877,0.001386,0.050416,0.004613,0.004668,0.005837,0.002278,0.001099,0.001458,0.018058,0.006212
Scott Kelly,0.000000,0.000000,0.000000,0.000000,0.000000,0.000518,0.000000,0.000292,0.000000,0.000142,0.000000,0.007411,0.000218,0.000150,0.000240,0.000230,0.000096
John Boehner,0.000000,0.000000,0.001221,0.000661,0.000000,0.000970,0.004162,0.029789,0.015984,0.025007,0.037458,0.034519,0.004160,0.000799,0.000549,0.001545,0.001755
MS-13,0.000000,0.000000,0.005050,0.001212,0.001654,0.001294,0.000876,0.000620,0.000658,0.000875,0.000581,0.000619,0.000594,0.000683,0.045539,0.058574,0.000681
Sam Alito,0.000000,0.000000,0.024475,0.000000,0.000600,0.000453,0.021414,0.000912,0.000458,0.000497,0.000536,0.000596,0.000238,0.000500,0.000360,0.000994,0.000334
American Recovery and Reinvestment Act,0.000000,0.000000,0.000000,0.000000,0.016100,0.087763,0.006955,0.002407,0.001117,0.000686,0.000447,0.000381,0.000436,0.000516,0.000395,0.000242,0.000157
Violence Against Women's Act,0.000000,0.000000,0.000000,0.000000,0.000000,0.000389,0.000331,0.000292,0.000229,0.012568,0.000268,0.000190,0.000198,0.000383,0.000292,0.000244,0.000433
Second Amendment,0.000000,0.000000,0.002453,0.001542,0.001353,0.001746,0.001205,0.001751,0.001516,0.005983,0.002121,0.001691,0.004894,0.001615,0.003397,0.001702,0.010275
Marine,0.000000,0.000000,0.000920,0.000771,0.000978,0.001164,0.000869,0.000729,0.000973,0.017468,0.000714,0.000571,0.000753,0.000616,0.000755,0.000666,0.008695
Steve Scalise,0.000000,0.000000,0.000000,0.000000,0.000000,0.000000,0.000000,0.000000,0.000000,0.000000,0.000000,0.000144,0.000199,0.000400,0.007792,0.000554,0.000525
Rubio,0.000000,0.000000,0.000000,0.000000,0.000000,0.000000,0.000767,0.000766,0.002232,0.102130,0.002143,0.002810,0.008880,0.001866,0.002951,0.003873,0.001035
Gabby Giffords,0.000000,0.000000,0.000000,0.000000,0.000000,0.000000,0.000000,0.020986,0.030873,0.003335,0.000625,0.002382,0.001585,0.000366,0.000309,0.000471,0.000268
Ebola,0.000000,0.001864,0.001989,0.001100,0.001279,0.001164,0.000712,0.000912,0.000830,0.000733,0.000469,0.016317,0.002832,0.001965,0.002162,0.001550,0.004555
Chain Migration,0.000000,0.000000,0.000000,0.000000,0.000000,0.000000,0.000000,0.000000,0.000000,0.000000,0.000000,0.000000,0.000000,0.000000,0.008618,0.000075,0.000090
opioids,0.000000,0.001398,0.001837,0.000991,0.001729,0.002134,0.001971,0.002298,0.002146,0.002246,0.002322,0.003002,0.003249,0.005530,0.012166,0.009606,0.015316
Detroit Manufacturing Systems,0.000000,0.000000,0.000000,0.000000,0.000000,0.000000,0.000000,0.000000,0.000000,0.000000,0.000000,0.000000,0.000000,0.000000,0.000000,0.000000,0.000000
William ``Ryan'' Owens,0.000000,0.000000,0.000000,0.000000,0.000000,0.000000,0.000000,0.000000,0.000000,0.000000,0.000000,0.000000,0.000000,0.065762,0.000136,0.000057,0.000033
Victims of Immigration Crime Engagement,0.000000,0.000000,0.000000,0.000000,0.000000,0.000000,0.000000,0.000000,0.000000,0.000000,0.000000,0.000000,0.000000,0.001149,0.000000,0.000003,0.000008
Jamiel Shaw,0.000000,0.000000,0.000000,0.000000,0.000000,0.000000,0.000000,0.000000,0.000000,0.000000,0.000000,0.000000,0.000000,0.001732,0.000000,0.000016,0.000004
Kayla Cuevas,0.000000,0.000000,0.000000,0.000000,0.000000,0.000000,0.000000,0.000000,0.000000,0.000000,0.000000,0.000000,0.000000,0.000000,0.000102,0.000000,0.000033
Sandy Keplinger,0.000000,0.000000,0.000000,0.000000,0.000000,0.000000,0.000000,0.000000,0.000000,0.000000,0.000000,0.000000,0.000000,0.000000,0.000000,0.000000,0.000000
Steve Staub,0.000000,0.000000,0.000000,0.000000,0.000000,0.000000,0.000000,0.000000,0.000000,0.000000,0.000000,0.000000,0.000000,0.000000,0.000000,0.000000,0.000000
Nick Chute,0.000000,0.000000,0.000000,0.000000,0.000000,0.000000,0.000000,0.000000,0.000000,0.000000,0.000000,0.000000,0.000000,0.000000,0.000000,0.000000,0.000000
Hurricane Harvey,0.000000,0.000000,0.000000,0.000000,0.000000,0.000000,0.000000,0.000000,0.000000,0.000000,0.000000,0.000000,0.000000,0.000000,0.000000,0.000000,0.000321
Byron Norwood,0.000000,0.000000,0.000000,0.000000,0.000000,0.000000,0.000000,0.000000,0.000000,0.000000,0.000000,0.000000,0.000000,0.000000,0.000000,0.000000,0.000000
Nisa Mickens,0.000000,0.000000,0.000000,0.000000,0.000000,0.000000,0.000000,0.000000,0.000000,0.000000,0.000000,0.000000,0.000000,0.000000,0.000000,0.000000,0.000000
Ben Erler,0.000000,0.000000,0.000000,0.000000,0.000000,0.000000,0.000000,0.000000,0.000000,0.000000,0.000000,0.000000,0.000000,0.000000,0.000000,0.000000,0.000000
Denisha Merriweather,0.000000,0.000000,0.000000,0.000000,0.000000,0.000000,0.000000,0.000000,0.000000,0.000000,0.000000,0.000000,0.000000,0.000000,0.000000,0.000000,0.000000
Tommy Rieman,0.000000,0.000000,0.000000,0.000000,0.000000,0.000000,0.000000,0.000000,0.000000,0.000000,0.000000,0.000000,0.000000,0.000000,0.000000,0.000000,0.000000
Ryan Holets,0.000000,0.000000,0.000000,0.000000,0.000000,0.000000,0.000000,0.000000,0.000000,0.000000,0.000000,0.000000,0.000000,0.000000,0.000000,0.000000,0.000000
Cajun Navy,0.000000,0.000000,0.000000,0.000000,0.000000,0.000000,0.000000,0.000000,0.000000,0.000000,0.000000,0.000000,0.000000,0.000000,0.000000,0.000000,0.000004
Jackie Bray,0.000000,0.000000,0.000000,0.000000,0.000000,0.000000,0.000000,0.000000,0.000000,0.000000,0.000000,0.000000,0.000000,0.000000,0.000000,0.000000,0.000000
Carryn Owens,0.000000,0.000000,0.000000,0.000000,0.000000,0.000000,0.000000,0.000000,0.000000,0.000000,0.000000,0.000000,0.000000,0.000383,0.000000,0.000000,0.000012
Freddy Cuevas,0.000000,0.000000,0.000000,0.000000,0.000000,0.000000,0.000000,0.000000,0.000000,0.000000,0.000000,0.000000,0.000000,0.000000,0.000000,0.000000,0.000000
Staub Manufacturing Solutions,0.000000,0.000000,0.000000,0.000000,0.000000,0.000000,0.000000,0.000000,0.000000,0.000000,0.000000,0.000000,0.000000,0.000000,0.006385,0.000003,0.000000
Dillon,0.000000,0.000000,0.000000,0.000000,0.000000,0.001617,0.000442,0.000365,0.000398,0.000142,0.000469,0.000405,0.000277,0.000600,0.000412,0.000286,0.000235
Justin Peck,0.000000,0.000000,0.000000,0.000000,0.000000,0.000000,0.000000,0.000000,0.000000,0.000000,0.000000,0.000000,0.000000,0.000000,0.001286,0.000029,0.000025
Yorktown,0.000000,0.003260,0.000918,0.000881,0.000827,0.000517,0.000712,0.001131,0.001259,0.000899,0.000781,0.000977,0.000812,0.001299,0.001252,0.000589,0.001224
Oak Creek,0.000000,0.000000,0.001377,0.000661,0.000752,0.001229,0.001478,0.001130,0.001431,0.001773,0.001072,0.001263,0.001327,0.001316,0.001184,0.000978,0.000806
Iraqis,0.000000,0.000000,0.000000,0.000000,0.000000,0.000000,0.000000,0.000000,0.000000,0.000000,0.000000,0.000000,0.000000,0.000000,0.000000,0.000016,0.000132
Aung San Suu Kyi,0.000000,0.001397,0.000000,0.000000,0.000450,0.000000,0.000000,0.000219,0.000229,0.000260,0.000134,0.000189,0.000000,0.000150,0.000000,0.000107,0.000081
Newtown,0.000000,0.001863,0.001221,0.001541,0.001580,0.000841,0.001040,0.001568,0.001087,0.001443,0.001407,0.001143,0.001347,0.001282,0.001098,0.000569,0.000664
Sputnik,0.000000,0.000000,0.000000,0.000880,0.000452,0.000388,0.000383,0.005872,0.000315,0.000402,0.000268,0.000262,0.000614,0.000400,0.000395,0.000571,0.000610
Dakota Access,0.000000,0.000000,0.000000,0.000000,0.000000,0.000000,0.000000,0.000000,0.000000,0.000000,0.000000,0.000192,0.000000,0.003765,0.000274,0.000129,0.000098
Janet Norwood,0.000000,0.000000,0.000000,0.000000,0.000000,0.000000,0.000000,0.000000,0.000000,0.000000,0.000000,0.000000,0.000000,0.000000,0.000000,0.000006,0.000000
Ji Seong-ho,0.000000,0.000000,0.000000,0.000000,0.000000,0.000000,0.000000,0.000000,0.000000,0.000000,0.000000,0.000000,0.000000,0.000000,0.002951,0.000006,0.000013
Matt Bevin,0.000000,0.000000,0.000000,0.000000,0.000000,0.000000,0.000000,0.000000,0.000000,0.000000,0.000000,0.000000,0.000257,0.000500,0.000154,0.000149,0.000085
Pflugerville,0.000000,0.001399,0.001527,0.001322,0.001655,0.001617,0.000986,0.001422,0.001631,0.002080,0.001831,0.001810,0.001624,0.001732,0.002127,0.001398,0.001632
Belarus,0.000000,0.001631,0.001224,0.002203,0.001053,0.000905,0.001369,0.001276,0.001088,0.000969,0.001206,0.001477,0.000970,0.000899,0.001029,0.001122,0.001101
Antonin Scalia,0.000000,0.000000,0.000000,0.000880,0.000000,0.001229,0.000767,0.001240,0.000744,0.001017,0.000469,0.000595,0.000951,0.003431,0.000463,0.000555,0.000468
Strategic Petroleum Reserve,0.000000,0.000000,0.000000,0.000882,0.000000,0.000000,0.000000,0.000000,0.000000,0.000000,0.000000,0.000000,0.000118,0.000000,0.000000,0.000007,0.000008
Veterans Day,0.000000,0.000000,0.000000,0.000000,0.000452,0.000517,0.000331,0.002444,0.002004,0.001182,0.000982,0.001309,0.000911,0.000733,0.000840,0.001231,0.000768
Orrin Hatch,0.000000,0.001399,0.000000,0.000000,0.000000,0.001811,0.000383,0.000474,0.000000,0.000284,0.000201,0.000738,0.000456,0.000200,0.000274,0.000356,0.000187
Khalid Sheik Mohammed,0.000000,0.000000,0.000000,0.000000,0.000000,0.000000,0.000652,0.000000,0.000000,0.000142,0.000135,0.000189,0.000000,0.000100,0.000000,0.000045,0.000070
Mombasa,0.000000,0.000000,0.000920,0.000000,0.000000,0.000387,0.000000,0.000583,0.000172,0.000165,0.000180,0.000283,0.000198,0.000200,0.000189,0.000141,0.000147
Daniel Patrick Moynihan,0.000000,0.000000,0.000000,0.000000,0.000000,0.000000,0.000000,0.000000,0.000000,0.000000,0.000000,0.000192,0.000118,0.000000,0.000137,0.000063,0.000042
Star of David,0.000000,0.002332,0.001223,0.001212,0.001203,0.001035,0.000931,0.001349,0.001115,0.000757,0.002590,0.000810,0.000832,0.001083,0.000789,0.000754,0.000745
First Lady,0.000000,0.000000,0.000000,0.000000,0.000754,0.000388,0.000326,0.000438,0.000315,0.000284,0.000223,0.000262,0.000337,0.000500,0.000532,0.001133,0.010085
Afghan Army,0.000000,0.000000,0.000000,0.000000,0.000000,0.000000,0.000000,0.000000,0.000000,0.000000,0.000000,0.000000,0.000000,0.000000,0.000000,0.000012,0.000008
Abbas,0.000000,0.000000,0.000000,0.000661,0.000000,0.000000,0.000000,0.000000,0.000000,0.000000,0.000000,0.000000,0.000000,0.000099,0.000000,0.000016,0.000041
Dikembe Mutombo,0.000000,0.000000,0.000920,0.008367,0.000000,0.000518,0.000000,0.000365,0.000401,0.004281,0.000514,0.000310,0.000376,0.000283,0.000343,0.000248,0.000325
Bronze Star,0.000000,0.000000,0.000000,0.000000,0.000000,0.000000,0.000326,0.000255,0.000343,0.000473,0.000179,0.000310,0.000139,0.000150,0.000995,0.000331,0.000260
Korean Peninsula,0.000000,0.000000,0.000000,0.000000,0.000000,0.000000,0.000000,0.000000,0.000000,0.000142,0.000000,0.000000,0.000000,0.000183,0.000139,0.000118,0.000061
Bloody Sunday,0.000000,0.001863,0.000000,0.001323,0.000602,0.000387,0.001533,0.000255,0.000229,0.000260,0.000179,0.000810,0.000416,0.000483,0.000429,0.000217,0.000172
Gary Allen,0.000000,0.000000,0.002146,0.001102,0.001579,0.000841,0.001369,0.001313,0.000629,0.001868,0.000960,0.000572,0.000455,0.000616,0.000360,0.000531,0.000259
Court of Appeals,0.000000,0.004194,0.002601,0.002533,0.002858,0.001293,0.002026,0.002260,0.002259,0.001560,0.001474,0.002072,0.001426,0.001466,0.001578,0.000903,0.001187
Iraqi Governing Council,0.000000,0.000000,0.000000,0.000000,0.000000,0.000000,0.000000,0.000000,0.000000,0.000000,0.000000,0.000000,0.000000,0.000000,0.000000,0.000000,0.000000
Statue of Freedom,0.000000,0.000000,0.000000,0.000000,0.000000,0.000000,0.000000,0.000000,0.000000,0.000000,0.000000,0.000000,0.000000,0.000000,0.000514,0.000020,0.000000
Donna Shalala,0.000000,0.000000,0.000000,0.000000,0.000602,0.000000,0.000000,0.000000,0.000000,0.000141,0.000000,0.000000,0.000000,0.000000,0.000000,0.001587,0.000096
Zarqawi,0.000000,0.001631,0.000000,0.000000,0.000000,0.000000,0.000000,0.000000,0.000000,0.000142,0.000000,0.000191,0.000000,0.000000,0.000000,0.000044,0.000028
John Breaux,0.000000,0.000000,0.000000,0.000000,0.000000,0.000000,0.000000,0.000000,0.000000,0.000000,0.000000,0.000000,0.000000,0.000000,0.000000,0.000000,0.000004
Tim Johnson,0.000000,0.000000,0.000000,0.001212,0.000000,0.000000,0.000000,0.000219,0.000173,0.000000,0.000000,0.000000,0.000000,0.000000,0.000000,0.000016,0.000016
John Walsh,0.000000,0.000000,0.000000,0.000000,0.000000,0.000000,0.000000,0.000000,0.000228,0.000141,0.000246,0.000262,0.000257,0.000200,0.000189,0.000810,0.001076
Hambali,0.000000,0.000000,0.000000,0.000000,0.000000,0.000000,0.000000,0.000000,0.000000,0.000000,0.000000,0.000000,0.000000,0.000000,0.000000,0.000000,0.000000
Judd Gregg,0.000000,0.000000,0.000000,0.000000,0.000000,0.000516,0.000331,0.000000,0.000000,0.000000,0.000000,0.000000,0.000000,0.000000,0.000000,0.000007,0.000004
Softbank,0.000000,0.000000,0.000000,0.000000,0.000000,0.000453,0.000000,0.000000,0.000229,0.000330,0.000335,0.000189,0.000178,0.000433,0.000497,0.000310,0.000373
Tom Harkin,0.000000,0.000000,0.000000,0.000000,0.000000,0.000388,0.000000,0.000000,0.000341,0.000260,0.000536,0.000192,0.000000,0.000000,0.000000,0.000022,0.000096
Kent Conrad,0.000000,0.000000,0.000000,0.000000,0.000000,0.000000,0.000000,0.000000,0.000000,0.000000,0.000000,0.000000,0.000000,0.000000,0.000000,0.000003,0.000004
Provincial Reconstruction Teams,0.000000,0.000000,0.000000,0.000000,0.000000,0.000000,0.000000,0.000000,0.000000,0.000000,0.000000,0.000000,0.000000,0.000000,0.000000,0.000000,0.000000
George Miller,0.000000,0.000000,0.000000,0.000000,0.000000,0.000000,0.000000,0.000000,0.000000,0.000000,0.000000,0.000000,0.000000,0.000000,0.000000,0.000000,0.000004
Charlie Norwood,0.000000,0.000000,0.000000,0.003415,0.000000,0.000000,0.000000,0.000000,0.000000,0.000000,0.000000,0.000000,0.000000,0.000000,0.000000,0.000006,0.000000
Army Ranger,0.000000,0.001399,0.001376,0.001100,0.000902,0.000970,0.001643,0.001313,0.001001,0.000922,0.003059,0.001548,0.000812,0.000833,0.000841,0.001190,0.000702
Pierre Gemayel,0.000000,0.000000,0.000000,0.000000,0.000000,0.000000,0.000000,0.000000,0.000000,0.000000,0.000000,0.000000,0.000000,0.000000,0.000000,0.000000,0.000000
Wesley Autrey,0.000000,0.000000,0.000000,0.007157,0.000000,0.000000,0.000000,0.000000,0.000000,0.000000,0.000000,0.000000,0.000000,0.000000,0.000000,0.000010,0.000004
START Treaty,0.000000,0.000000,0.000000,0.000000,0.000000,0.000000,0.000000,0.000401,0.000000,0.000000,0.000000,0.000000,0.000000,0.000000,0.000000,0.000094,0.000024
Gouverneur Morris,0.000000,0.000000,0.000000,0.000000,0.000000,0.000000,0.000000,0.000000,0.000000,0.000000,0.000000,0.000000,0.000000,0.000000,0.000000,0.000022,0.000021
Applause,0.000000,0.000000,0.000000,0.001100,0.000451,0.000516,0.000978,0.000401,0.000515,0.000378,0.000647,0.000524,0.000535,0.000600,0.000669,0.001258,0.001107
"Thomas D'Alesandro, Jr.",0.000000,0.000000,0.000000,0.000000,0.000000,0.000000,0.000000,0.000000,0.000000,0.000000,0.000000,0.000000,0.000000,0.000000,0.000000,0.000217,0.000329
Allawi,0.000000,0.000000,0.000000,0.000000,0.000000,0.000000,0.000000,0.000000,0.000000,0.000000,0.000000,0.000000,0.000000,0.000000,0.000000,0.000000,0.000008
Justin Trudeau,0.000000,0.000000,0.001226,0.000000,0.000000,0.000516,0.000331,0.000292,0.000315,0.000213,0.000290,0.000283,0.000891,0.011842,0.000858,0.001009,0.001111
Director of National Intelligence,0.000000,0.000000,0.000000,0.000000,0.000602,0.000388,0.000383,0.000000,0.000000,0.000307,0.000268,0.000190,0.000297,0.000316,0.000238,0.000231,0.000088
Fallujah,0.000000,0.000000,0.000000,0.001320,0.000452,0.000000,0.000000,0.000255,0.000288,0.000285,0.000514,0.000334,0.000197,0.000183,0.000154,0.000135,0.000099
Anbar Province,0.000000,0.000000,0.000000,0.000000,0.000000,0.000000,0.000000,0.000000,0.000000,0.000000,0.000000,0.000000,0.000000,0.000000,0.000000,0.000010,0.000016
Tim Penny,0.000000,0.000000,0.000000,0.000000,0.000000,0.000000,0.000000,0.000000,0.000000,0.000000,0.000000,0.000000,0.000000,0.000000,0.000000,0.000003,0.000004
Syrian Accountability Act,0.000000,0.000000,0.000000,0.000000,0.000000,0.000000,0.000000,0.000000,0.000000,0.000000,0.000000,0.000000,0.000000,0.000000,0.000000,0.000000,0.000000
Iraqi Government,0.000000,0.000000,0.000000,0.000000,0.000000,0.000000,0.000000,0.000000,0.000000,0.000000,0.000000,0.000000,0.000000,0.000000,0.000000,0.000000,0.000004
Mad Men,0.000000,0.000000,0.000000,0.000000,0.001203,0.002587,0.004710,0.005033,0.007872,0.004470,0.005919,0.003977,0.003546,0.002498,0.002779,0.003212,0.003440
Baby Einstein Company,0.000000,0.001398,0.001376,0.011015,0.001129,0.001423,0.001205,0.000985,0.000916,0.001277,0.001496,0.001454,0.001347,0.000849,0.000909,0.000663,0.000549
F-35,0.000000,0.000000,0.000000,0.000661,0.001053,0.001100,0.001259,0.001094,0.001374,0.001087,0.001005,0.001501,0.000872,0.002515,0.001098,0.001108,0.001188
Guinea,0.000000,0.001397,0.000916,0.000991,0.001801,0.001229,0.001095,0.000875,0.001059,0.000733,0.000491,0.001858,0.000832,0.000883,0.000875,0.000738,0.000597
John Thompson,0.000000,0.001397,0.000920,0.000661,0.000000,0.000000,0.000435,0.000000,0.000257,0.000142,0.000000,0.000189,0.000158,0.000366,0.000000,0.000141,0.000012
Ryan White Act,0.000000,0.003495,0.000916,0.000000,0.000000,0.000000,0.000000,0.000219,0.000000,0.000000,0.000000,0.000000,0.000000,0.000000,0.000000,0.000030,0.000012
Safia Taleb al-Suhail,0.000000,0.002097,0.000000,0.000000,0.000000,0.000000,0.000000,0.000000,0.000000,0.000000,0.000000,0.000000,0.000000,0.000000,0.000000,0.000000,0.000000
Bob Gates,0.000000,0.000000,0.000000,0.000000,0.000000,0.000711,0.000326,0.000656,0.000372,0.000213,0.000603,0.000000,0.000159,0.000167,0.000000,0.000032,0.000025
HOPE NOW Alliance,0.000000,0.000000,0.000000,0.000000,0.000978,0.000000,0.000000,0.000000,0.000000,0.000000,0.000000,0.000000,0.000000,0.000000,0.000000,0.000007,0.000000
Raqqa,0.000000,0.000000,0.000000,0.000000,0.000000,0.000000,0.000000,0.000000,0.000000,0.000000,0.000000,0.000144,0.000199,0.000183,0.000257,0.000036,0.000008
Hamas,0.000000,0.001397,0.006120,0.000661,0.001508,0.000970,0.000657,0.000474,0.000341,0.000260,0.000311,0.000691,0.000337,0.000366,0.001149,0.000269,0.000224
National Assembly,0.000000,0.000000,0.000000,0.000000,0.000000,0.000000,0.000000,0.000000,0.000286,0.000165,0.000133,0.000167,0.000000,0.000216,0.000292,0.000169,0.000103
Humvee,0.000000,0.000000,0.000920,0.000882,0.000754,0.000387,0.001150,0.000730,0.000658,0.000662,0.000603,0.000715,0.000653,0.000833,0.000823,0.000609,0.000462
Beslan,0.000000,0.000000,0.000000,0.000000,0.000000,0.000000,0.000000,0.000000,0.000000,0.000000,0.000000,0.000000,0.000000,0.000000,0.000000,0.000020,0.000012
Iraqi Army,0.000000,0.000000,0.000000,0.000000,0.000000,0.000000,0.000000,0.000000,0.000000,0.000000,0.000000,0.000000,0.000118,0.000000,0.000000,0.000007,0.000008
Islamist,0.000000,0.000000,0.000000,0.000000,0.000000,0.000000,0.000331,0.000000,0.000000,0.000260,0.000179,0.001000,0.000535,0.000333,0.000204,0.000180,0.000049
Tom Coburn,0.000000,0.000000,0.000000,0.000000,0.000000,0.000647,0.000331,0.000474,0.000200,0.000449,0.000826,0.000189,0.000000,0.000000,0.000000,0.000017,0.000025
Congressional Budget Office,0.000000,0.002329,0.001840,0.000661,0.000677,0.001488,0.001588,0.001750,0.000715,0.000899,0.000781,0.000619,0.000198,0.000383,0.000395,0.000303,0.000226
Jill Biden,0.000000,0.000000,0.000000,0.000000,0.000000,0.000776,0.000821,0.000292,0.000915,0.003547,0.003505,0.002192,0.001466,0.000199,0.000000,0.000118,0.000379
Mattis,0.000000,0.002796,0.000000,0.000000,0.000450,0.000000,0.000000,0.000328,0.000400,0.000189,0.000357,0.000238,0.000238,0.002615,0.005800,0.003394,0.001534
Asia-Pacific,0.000000,0.001397,0.000000,0.000660,0.000752,0.000778,0.000657,0.000656,0.000401,0.000544,0.000558,0.000619,0.000554,0.000400,0.000360,0.000349,0.000198
Cedar Revolution,0.000000,0.000000,0.000000,0.000000,0.000000,0.000000,0.000000,0.000000,0.000000,0.000000,0.000000,0.000000,0.000000,0.000000,0.000000,0.000000,0.000000
Albuquerque Police Department,0.000000,0.000000,0.000000,0.000000,0.000000,0.000000,0.000000,0.000000,0.000000,0.000190,0.000000,0.000189,0.000119,0.000133,0.000360,0.000102,0.000078
National Center for Missing and Exploited Children,0.000000,0.000000,0.002137,0.001100,0.000451,0.000000,0.000493,0.000000,0.000257,0.000166,0.000225,0.000191,0.000000,0.000133,0.000104,0.000111,0.000086
North Africa,0.000000,0.001864,0.001683,0.000881,0.001429,0.001358,0.001259,0.001021,0.001116,0.001041,0.001295,0.001357,0.001089,0.001782,0.001578,0.001137,0.001205
Rare Disease Day,0.000000,0.000000,0.000000,0.000000,0.000000,0.000000,0.000000,0.000000,0.000000,0.000000,0.000000,0.000000,0.000000,0.002166,0.000102,0.000094,0.000077
Leonard Abess,0.000000,0.000000,0.000000,0.000000,0.000000,0.006015,0.000000,0.000000,0.000000,0.000000,0.000000,0.000000,0.000000,0.000000,0.000000,0.000014,0.000025
Pope Francis,0.000000,0.000000,0.000000,0.000000,0.000000,0.000518,0.000000,0.000219,0.000172,0.002980,0.004689,0.006481,0.002337,0.003882,0.001475,0.004227,0.001932
Julie Aigner-Clark,0.000000,0.000000,0.000000,0.002532,0.000000,0.000000,0.000000,0.000000,0.000000,0.000000,0.000000,0.000000,0.000000,0.000000,0.000000,0.000000,0.000021
Susan Oliver,0.000000,0.000000,0.000000,0.000000,0.000000,0.000000,0.000000,0.000000,0.000000,0.000190,0.000000,0.000000,0.000000,0.000365,0.000257,0.000025,0.000037
P.S.,0.000000,0.002329,0.000916,0.001543,0.000827,0.000970,0.000767,0.001313,0.001173,0.001041,0.001206,0.001239,0.001069,0.001216,0.001252,0.000944,0.001016
Persian Gulf,0.000000,0.000000,0.000000,0.000881,0.000602,0.000517,0.000331,0.000219,0.000458,0.000307,0.000268,0.000262,0.001327,0.000316,0.000292,0.000235,0.000459
Proliferation Security Initiative,0.000000,0.000000,0.000000,0.000000,0.000000,0.000000,0.000000,0.000000,0.000000,0.000000,0.000000,0.000000,0.000000,0.000000,0.000000,0.000000,0.000000
John Roberts,0.000000,0.000000,0.002907,0.001101,0.001127,0.000647,0.001095,0.001386,0.000687,0.000497,0.000268,0.000452,0.000535,0.000550,0.000394,0.001157,0.002198
Central Piedmont Community College,0.000000,0.002332,0.001224,0.001762,0.001128,0.001293,0.001095,0.001313,0.002147,0.001277,0.002032,0.001358,0.001743,0.001099,0.000995,0.000744,0.000792
G-20,0.000000,0.000000,0.000000,0.000000,0.000000,0.001164,0.000767,0.000292,0.000715,0.000471,0.000268,0.000357,0.000317,0.000366,0.000240,0.000330,0.000214
Sunni,0.000000,0.003495,0.001533,0.003741,0.000603,0.000970,0.000767,0.001495,0.000915,0.000970,0.000737,0.001643,0.001327,0.001116,0.000652,0.000893,0.000616
Silver Star,0.000000,0.000000,0.000000,0.001211,0.000000,0.000387,0.000000,0.000000,0.000173,0.000189,0.000156,0.000336,0.000199,0.000133,0.000189,0.000336,0.000327
Alexandria Police,0.000000,0.000000,0.000000,0.000000,0.000000,0.000000,0.000000,0.000000,0.000000,0.000000,0.000000,0.000000,0.000000,0.000000,0.000000,0.000000,0.000024
Corey Adams,0.000000,0.000000,0.000000,0.000000,0.000000,0.000000,0.000000,0.000000,0.000000,0.000000,0.000000,0.000000,0.000000,0.000000,0.000395,0.000000,0.000000
Tripoli,0.000000,0.000000,0.000000,0.000000,0.000900,0.000648,0.000548,0.000474,0.000915,0.000449,0.000290,0.000334,0.000257,0.000333,0.000394,0.000292,0.000275
Security Council,0.000000,0.000000,0.001529,0.000661,0.001055,0.000453,0.000326,0.000438,0.000630,0.000520,0.000290,0.000524,0.000475,0.000566,0.000463,0.000440,0.000228
United Nations General Assembly,0.000000,0.000000,0.000000,0.000000,0.000000,0.000000,0.000435,0.000365,0.000228,0.000142,0.000000,0.000238,0.000297,0.000200,0.000189,0.000136,0.000148
Virgin Islands,0.000000,0.000000,0.000000,0.000661,0.000000,0.000775,0.000000,0.000437,0.000315,0.000260,0.000179,0.000238,0.000178,0.000250,0.000223,0.000223,0.000268
Petraeus,0.000000,0.000000,0.000000,0.002863,0.000601,0.000453,0.000547,0.000583,0.000315,0.000544,0.000380,0.000357,0.000197,0.000134,0.000000,0.000193,0.000090
Putin,0.000000,0.002329,0.003679,0.000661,0.000828,0.001100,0.000657,0.001386,0.001031,0.001111,0.002813,0.003573,0.004040,0.005099,0.003620,0.003854,0.002861
West Bank,0.000000,0.000000,0.000918,0.001102,0.000600,0.000389,0.000442,0.000547,0.000286,0.000284,0.000380,0.000238,0.000257,0.000533,0.000429,0.000278,0.000321
Steve Beshear,0.000000,0.000000,0.000000,0.000000,0.000000,0.000000,0.000000,0.000219,0.000000,0.000000,0.000580,0.000000,0.000000,0.013810,0.000154,0.000348,0.000067
Gulf States,0.000000,0.000000,0.000000,0.000000,0.000000,0.000000,0.000000,0.000219,0.000000,0.000237,0.000000,0.000000,0.000000,0.000099,0.000102,0.000030,0.000041
Trans-Pacific Partnership,0.000000,0.001399,0.000000,0.000661,0.000000,0.000904,0.000662,0.000511,0.000258,0.000449,0.001965,0.001072,0.004694,0.001716,0.000840,0.000358,0.000209
Oak Ridge National Laboratory,0.000000,0.000000,0.000000,0.000000,0.000450,0.000582,0.000543,0.000547,0.000172,0.000307,0.000156,0.000378,0.000139,0.000099,0.000102,0.000052,0.000151
Sana'a,0.000000,0.000000,0.000000,0.000000,0.000000,0.000000,0.000000,0.000000,0.000000,0.000000,0.000000,0.000000,0.000000,0.000000,0.000000,0.000000,0.000000
Race to the Top,0.000000,0.000000,0.000000,0.000000,0.000000,0.000000,0.001205,0.005945,0.000401,0.000426,0.000335,0.000000,0.000000,0.000000,0.000000,0.000032,0.000042
Golden Mosque of Samarra,0.000000,0.000000,0.000000,0.000000,0.000000,0.000000,0.000000,0.000000,0.000000,0.000000,0.000000,0.000000,0.000000,0.000000,0.000000,0.000004,0.000000
Simpson-Bowles Commission,0.000000,0.000000,0.000000,0.000000,0.000000,0.000000,0.000000,0.000365,0.000916,0.000378,0.000000,0.000000,0.000000,0.000000,0.000000,0.000007,0.000000
Sandra Day O'Connor,0.000000,0.000000,0.000916,0.000000,0.000000,0.000000,0.000326,0.000000,0.000171,0.000189,0.000222,0.000144,0.000257,0.000300,0.000257,0.000373,0.000291
Ramallah,0.000000,0.000000,0.000000,0.000000,0.000000,0.000000,0.000442,0.000000,0.000173,0.000355,0.000133,0.000288,0.000118,0.000100,0.000103,0.000113,0.000079
Secretary of Health and Human Services,0.000000,0.000000,0.000000,0.000000,0.000000,0.000389,0.000331,0.000219,0.000171,0.000236,0.000246,0.000144,0.000199,0.000183,0.000480,0.000661,0.000886
Richard Cordray,0.000000,0.000000,0.000000,0.000000,0.000000,0.000000,0.000000,0.000000,0.001545,0.000000,0.000133,0.000000,0.000000,0.000000,0.000000,0.000021,0.000016
National Academy of Sciences,0.000000,0.001397,0.000000,0.000000,0.000000,0.000389,0.000493,0.000292,0.000372,0.000213,0.000134,0.000144,0.000139,0.000466,0.000104,0.000067,0.000086
Millennium Challenge Account,0.000000,0.000000,0.000000,0.000000,0.000000,0.000516,0.000000,0.000000,0.000228,0.000000,0.000000,0.000000,0.000000,0.000000,0.000000,0.000013,0.000037
American Competitiveness Initiative,0.000000,0.000000,0.000916,0.000000,0.000000,0.000000,0.000000,0.000000,0.000000,0.000000,0.000000,0.000000,0.000000,0.000000,0.000000,0.000000,0.000000
Paycheck Fairness Act,0.000000,0.000000,0.000000,0.000000,0.000000,0.000000,0.000000,0.000000,0.000000,0.003405,0.000000,0.000000,0.000000,0.000000,0.000000,0.000049,0.000008
Riyadh,0.000000,0.001397,0.000000,0.000880,0.000527,0.000582,0.003066,0.001094,0.000802,0.000733,0.000915,0.000715,0.000515,0.000533,0.000549,0.000479,0.000422
Ba'athist,0.000000,0.000000,0.000000,0.000000,0.000000,0.000000,0.000000,0.000000,0.000000,0.000000,0.000000,0.000000,0.000000,0.000000,0.000000,0.000021,0.000030
Qadhafi,0.000000,0.000000,0.000920,0.000000,0.000527,0.000389,0.000493,0.000511,0.003205,0.000828,0.000647,0.000405,0.000713,0.000500,0.000309,0.000569,0.000408
Doha,0.000000,0.000000,0.001071,0.000882,0.000752,0.000841,0.001314,0.000875,0.000974,0.001111,0.000737,0.001167,0.001030,0.000899,0.000738,0.000856,0.001002
Bob Dole,0.000000,0.001397,0.001376,0.000882,0.002483,0.000000,0.000329,0.000365,0.000286,0.000308,0.000179,0.000405,0.000238,0.000183,0.000309,0.000833,0.000576
Neil Gorsuch,0.000000,0.000000,0.000000,0.000000,0.000000,0.000000,0.000000,0.000000,0.000171,0.000142,0.000000,0.000000,0.000159,0.003881,0.001767,0.001161,0.003404
Rangoon,0.000000,0.000000,0.000000,0.000000,0.000000,0.000000,0.000000,0.000292,0.000257,0.000284,0.000246,0.000238,0.000356,0.000233,0.000103,0.000156,0.000188
Forsyth Tech,0.000000,0.000000,0.001832,0.000661,0.001055,0.000711,0.000438,0.001131,0.000515,0.000402,0.000781,0.000501,0.000436,0.000383,0.000292,0.000177,0.000044
Bruce Randolph,0.000000,0.000000,0.000000,0.000000,0.000000,0.000000,0.000000,0.001458,0.000000,0.000000,0.000000,0.000000,0.000000,0.000000,0.000000,0.000007,0.000008
Omaha Beach,0.000000,0.000000,0.000000,0.000000,0.000000,0.000000,0.000326,0.000000,0.000200,0.000141,0.000246,0.000144,0.000158,0.000133,0.000154,0.000302,0.000270
American Jobs Act,0.000000,0.000000,0.000000,0.000000,0.000000,0.000000,0.000438,0.000000,0.000228,0.000236,0.000000,0.000000,0.000000,0.000000,0.000000,0.000003,0.000000
Mazda,0.000000,0.000000,0.000000,0.000000,0.000000,0.000000,0.000000,0.000000,0.000000,0.000000,0.000000,0.000000,0.000000,0.000000,0.000000,0.000000,0.019822
Maureen Scalia,0.000000,0.000000,0.000000,0.000000,0.000000,0.000000,0.000000,0.000000,0.000000,0.000000,0.000000,0.000000,0.000000,0.000000,0.000000,0.000000,0.000000
National Export Initiative,0.000000,0.000000,0.000000,0.000000,0.000000,0.000000,0.000000,0.000000,0.000000,0.000000,0.000000,0.000000,0.000000,0.000000,0.000000,0.000000,0.000000
Information Age,0.000000,0.000000,0.000000,0.000000,0.000000,0.000000,0.000552,0.000510,0.000286,0.000284,0.000357,0.000262,0.000118,0.000250,0.000326,0.000170,0.000173
New London,0.000000,0.002563,0.002603,0.002642,0.002105,0.002393,0.002081,0.002297,0.001917,0.001632,0.001719,0.001953,0.001941,0.001682,0.001818,0.000991,0.000906
Superstorm Sandy,0.000000,0.000000,0.000000,0.000000,0.000000,0.000000,0.000000,0.000000,0.000000,0.005864,0.001429,0.000881,0.000594,0.000483,0.000412,0.000270,0.000404
Selma,0.000000,0.000000,0.000000,0.000991,0.000828,0.000841,0.000767,0.000875,0.000887,0.000733,0.000826,0.003336,0.001109,0.001682,0.001389,0.000959,0.001088
Nuclear Security Summit,0.000000,0.000000,0.000000,0.000000,0.000000,0.000000,0.000000,0.000000,0.000000,0.000000,0.000000,0.000000,0.000000,0.000000,0.000000,0.000010,0.000000
Andrews Air Force Base,0.000000,0.000000,0.000000,0.000661,0.000527,0.000000,0.000383,0.000474,0.000515,0.000307,0.000536,0.000262,0.000436,0.000350,0.000377,0.000200,0.000203
Hadiya Pendleton,0.000000,0.000000,0.000000,0.000000,0.000000,0.000000,0.000000,0.000000,0.000000,0.003146,0.000424,0.000000,0.000000,0.000000,0.000000,0.000013,0.000008
Sara Jo,0.000000,0.000000,0.000000,0.000000,0.000000,0.000000,0.000000,0.000000,0.000000,0.000000,0.000000,0.000000,0.000000,0.000000,0.000000,0.000007,0.000008
North Miami,0.000000,0.001397,0.001226,0.001322,0.001053,0.000778,0.000986,0.000912,0.001231,0.001135,0.001384,0.001263,0.001585,0.001116,0.001287,0.000806,0.000792
Galesburg,0.000000,0.000000,0.001683,0.000880,0.000752,0.000905,0.001314,0.001167,0.001374,0.001253,0.000804,0.001191,0.001426,0.001216,0.001252,0.001223,0.000976
Greensburg,0.000000,0.000000,0.000000,0.000000,0.000600,0.000517,0.000435,0.000219,0.000000,0.000000,0.000178,0.000142,0.000158,0.000117,0.000104,0.000036,0.000063
Independence,0.000000,0.000000,0.000000,0.000000,0.000452,0.000000,0.000000,0.000365,0.000172,0.000331,0.000313,0.000262,0.000337,0.000633,0.000343,0.000202,0.000202
Darfur,0.000000,0.000000,0.000000,0.000000,0.000000,0.000000,0.000000,0.000000,0.000000,0.000000,0.000000,0.000000,0.000000,0.000000,0.000000,0.000000,0.000000
Vocational Schools,0.000000,0.000000,0.000000,0.000000,0.000000,0.000778,0.000548,0.000255,0.000171,0.000000,0.000000,0.000000,0.000178,0.000000,0.000000,0.000030,0.003197
Parental Leave,0.000000,0.001863,0.000000,0.000991,0.001430,0.001035,0.001917,0.000984,0.001346,0.001419,0.001943,0.002740,0.002437,0.002632,0.002728,0.007234,0.004386
coal mining (industry),0.000000,0.002798,0.003517,0.001321,0.001053,0.001035,0.001095,0.001386,0.001832,0.000993,0.001005,0.001024,0.001169,0.002332,0.001561,0.001205,0.001121
Tax Cuts of 2017,0.000000,0.000000,0.000000,0.000000,0.000000,0.000000,0.000000,0.000000,0.000000,0.000000,0.000000,0.000000,0.000000,0.000000,0.000000,0.000000,0.000216
trade deficit,0.000000,0.001398,0.000000,0.000661,0.000602,0.000647,0.000712,0.000584,0.000687,0.000568,0.000335,0.000333,0.000515,0.000899,0.000720,0.001127,0.000677
gun violence,0.000000,0.000000,0.000000,0.000000,0.000000,0.000387,0.000000,0.000437,0.000172,0.002506,0.000625,0.000286,0.001327,0.000883,0.000532,0.001131,0.000893
Clean Power Plan,0.000000,0.000000,0.000000,0.000000,0.000000,0.000000,0.000000,0.000000,0.000000,0.000000,0.000000,0.000142,0.000218,0.000099,0.000000,0.000010,0.000025
Elementary and Secondary Education Act,0.000000,0.002332,0.000918,0.000881,0.000978,0.001035,0.000821,0.001240,0.000658,0.000709,0.000580,0.000858,0.000792,0.000866,0.000858,0.000546,0.000097
Higher Education Act of 1965,0.000000,0.000000,0.000000,0.000000,0.000000,0.000389,0.000329,0.000000,0.000171,0.000190,0.000000,0.000000,0.000000,0.000000,0.000104,0.000033,0.000062
Immigration Policy,0.000000,0.000000,0.000000,0.000000,0.000000,0.000000,0.000000,0.000292,0.000458,0.000355,0.000335,0.000192,0.000198,0.000783,0.000669,0.000512,0.000054
Middle Class,0.000000,0.002097,0.001226,0.000881,0.001880,0.001746,0.002628,0.001021,0.003234,0.003287,0.002300,0.009791,0.001881,0.003281,0.002831,0.010537,0.002856
Common core,0.000000,0.001863,0.001378,0.001541,0.001129,0.001358,0.001424,0.002479,0.004980,0.010597,0.014876,0.014980,0.012536,0.008767,0.007793,0.005862,0.004176
Hydraulic fracturing,0.000000,0.000000,0.000000,0.000660,0.000000,0.000388,0.000657,0.001131,0.004634,0.004825,0.004443,0.004123,0.002258,0.002815,0.001681,0.001561,0.001691
Net neutrality,0.000000,0.000000,0.000000,0.000661,0.000450,0.000387,0.000548,0.001131,0.000173,0.000142,0.001317,0.001834,0.000218,0.000916,0.004049,0.000544,0.000353
Sick leave,0.000000,0.000000,0.000000,0.000881,0.000905,0.000905,0.000931,0.001313,0.000945,0.001348,0.001474,0.002883,0.002258,0.002015,0.002917,0.001516,0.002616
Executive Order 13769,0.000000,0.000000,0.000000,0.000000,0.000000,0.000000,0.000000,0.000000,0.000000,0.000000,0.000000,0.000000,0.000118,0.004181,0.000995,0.000428,0.002155
Whistleblower,0.000000,0.001864,0.001530,0.000991,0.000751,0.001358,0.000767,0.000693,0.001259,0.001135,0.000960,0.001048,0.000852,0.001233,0.001046,0.000829,0.014855
Edward Snowden,0.000000,0.000000,0.000000,0.000000,0.000000,0.000000,0.000000,0.000000,0.000000,0.000000,0.005784,0.001430,0.001069,0.001965,0.000755,0.001039,0.000958
Student loans in the United States,0.000000,0.000000,0.000000,0.000661,0.000827,0.000841,0.000821,0.000729,0.001201,0.000568,0.000781,0.000739,0.000753,0.000466,0.000343,0.000454,0.000318
Gerrymandering,0.000000,0.000000,0.000000,0.000000,0.000452,0.000388,0.000383,0.000438,0.000372,0.000662,0.000714,0.000643,0.002139,0.002215,0.001578,0.001028,0.001102
Body worn video,0.000000,0.000000,0.000000,0.000000,0.000000,0.000000,0.000000,0.000000,0.000000,0.000000,0.000000,0.000500,0.000653,0.000516,0.000566,0.000802,0.000731
Syrian civil war,0.000000,0.000000,0.000000,0.000000,0.000000,0.000000,0.000000,0.000000,0.000372,0.000591,0.001027,0.000500,0.000871,0.001099,0.000600,0.000561,0.000582
Military budget,0.000000,0.000000,0.000000,0.000000,0.000601,0.000970,0.000712,0.001021,0.000744,0.000828,0.000447,0.000667,0.000792,0.003131,0.000926,0.001975,0.001427
Sanctuary cities,0.000000,0.000000,0.000000,0.000000,0.000000,0.000000,0.000000,0.000000,0.000000,0.000000,0.000000,0.000000,0.000178,0.000999,0.000480,0.000475,0.016746
Gender identity,0.000000,0.000000,0.000000,0.000000,0.000452,0.000000,0.000442,0.000365,0.000398,0.000569,0.000268,0.000357,0.000238,0.000733,0.000429,0.000529,0.000547
Eminent domain,0.000000,0.001865,0.002753,0.000660,0.000527,0.000453,0.000767,0.000766,0.000487,0.000662,0.000402,0.000810,0.000495,0.000733,0.000532,0.000665,0.000514
Voter turnout,0.000000,0.001863,0.000000,0.000660,0.000904,0.000453,0.000000,0.000292,0.000344,0.000213,0.000290,0.000405,0.000238,0.000350,0.000360,0.000443,0.002066
Freedom of religion,0.000000,0.000000,0.001226,0.000771,0.000450,0.000582,0.000493,0.000656,0.000715,0.000544,0.000915,0.000667,0.000753,0.000583,0.000892,0.000589,0.000901
Basic income,0.000000,0.000000,0.000000,0.000000,0.000000,0.000000,0.000000,0.000000,0.000000,0.000000,0.000180,0.000142,0.000118,0.000167,0.000206,0.000254,0.000783
War in Afghanistan,0.000000,0.000000,0.000000,0.000000,0.000000,0.000841,0.001095,0.001131,0.001002,0.000922,0.000625,0.000548,0.000356,0.000400,0.000515,0.001033,0.000501
Solitary confinement,0.000000,0.000000,0.000000,0.000000,0.000000,0.000000,0.000000,0.000219,0.000258,0.000330,0.000135,0.000240,0.000257,0.000316,0.000360,0.000218,0.000439
Dream act,0.000000,0.000000,0.000000,0.000000,0.000603,0.000453,0.000548,0.002735,0.002003,0.001608,0.001228,0.001024,0.000792,0.002215,0.009064,0.000790,0.000497
Equal pay for equal work,0.000000,0.000000,0.000916,0.000000,0.000600,0.000841,0.000383,0.000292,0.000458,0.000993,0.001317,0.001191,0.000515,0.000550,0.000446,0.000616,0.000266
Safe spaces,0.000000,0.000000,0.000000,0.000000,0.000000,0.000000,0.000000,0.000000,0.000173,0.000141,0.000000,0.000000,0.000218,0.000400,0.000429,0.000231,0.000168
Paris Agreement,0.000000,0.000000,0.000000,0.000000,0.000000,0.000000,0.000000,0.000000,0.000000,0.000000,0.000000,0.000000,0.000119,0.000250,0.000532,0.000444,0.000586
Vaccine controversies,0.000000,0.000000,0.000000,0.000000,0.000000,0.000000,0.000000,0.000000,0.000000,0.000141,0.000315,0.000286,0.000297,0.000150,0.000309,0.001230,0.000144
Chelsea Manning,0.000000,0.000000,0.000000,0.000000,0.000450,0.000000,0.000331,0.000912,0.000716,0.000331,0.000871,0.000310,0.000198,0.000317,0.000926,0.000197,0.000087
Alternative energy,0.000000,0.001864,0.005355,0.001762,0.002107,0.002134,0.001314,0.000802,0.000887,0.000615,0.000625,0.000619,0.000436,0.000516,0.000429,0.000240,0.000190
Offshore bank,0.000000,0.000000,0.000000,0.000000,0.000000,0.000000,0.000435,0.000292,0.000400,0.000141,0.000311,0.000000,0.000257,0.000134,0.000000,0.000091,0.000070
Mexico-United States barrier,0.000000,0.000000,0.000000,0.000000,0.000452,0.000000,0.000000,0.000000,0.000000,0.000000,0.000000,0.000000,0.000000,0.000383,0.000446,0.009042,0.011292
Political corruption,0.000000,0.000000,0.000000,0.000000,0.000450,0.000647,0.000547,0.001021,0.000315,0.000402,0.000335,0.000238,0.000436,0.000383,0.000292,0.000482,0.000460
Drug policy,0.000000,0.000000,0.000920,0.000000,0.000000,0.000000,0.000331,0.000583,0.000315,0.000189,0.000223,0.000238,0.000257,0.000100,0.000172,0.000159,0.000193
Joint Comprehensive Plan of Action (Iran Deal),0.000000,0.000000,0.000000,0.000000,0.000000,0.000000,0.000000,0.000000,0.000000,0.000000,0.000000,0.000000,0.000376,0.000000,0.000136,0.000374,0.000194
Voting age,0.000000,0.000000,0.000000,0.000000,0.000750,0.000000,0.000326,0.000365,0.000285,0.000189,0.000133,0.000192,0.000238,0.000266,0.000240,0.000275,0.000307
Term limits in the United States,0.000000,0.000000,0.000000,0.000000,0.000000,0.000000,0.000000,0.000219,0.000403,0.000142,0.000222,0.000142,0.000197,0.000150,0.000171,0.000397,0.000344
LGBT rights,0.000000,0.000000,0.000000,0.000000,0.000600,0.000000,0.000326,0.000000,0.000229,0.000260,0.000223,0.000143,0.000218,0.000267,0.000000,0.000125,0.000000
Electoral fraud,0.000000,0.000000,0.000000,0.000000,0.000452,0.000000,0.000000,0.000000,0.000373,0.000378,0.000449,0.000283,0.000197,0.000250,0.000223,0.000548,0.000285
Offshore drilling,0.000000,0.000000,0.000000,0.000000,0.000000,0.000648,0.000821,0.000438,0.000629,0.000000,0.000268,0.000000,0.000119,0.000233,0.000240,0.000390,0.000217
Prescription costs,0.000000,0.000000,0.000000,0.000000,0.000000,0.000000,0.000000,0.000000,0.000000,0.000285,0.000000,0.000000,0.000238,0.000000,0.000139,0.000161,0.000050
Agricultural subsidies,0.000000,0.000000,0.000000,0.000000,0.000000,0.000000,0.000326,0.000437,0.000228,0.000165,0.000380,0.000262,0.000000,0.000099,0.000000,0.000116,0.000135
Labor Unions in the United States,0.000000,0.000000,0.000000,0.000000,0.000000,0.000000,0.000000,0.000219,0.000228,0.000189,0.000225,0.000189,0.000119,0.000100,0.000120,0.000114,0.000000
2003 Invasion of Iraq,0.000000,0.000000,0.000000,0.000660,0.000527,0.000518,0.000000,0.000292,0.000285,0.000330,0.000201,0.000262,0.000159,0.000201,0.000173,0.000148,0.000114
Drug testing welfare recipients,0.000000,0.000000,0.000000,0.000000,0.000000,0.000000,0.000000,0.003063,0.000544,0.000189,0.000335,0.000144,0.000218,0.000133,0.000104,0.000037,0.000091
Campus sexual assault,0.000000,0.000000,0.000000,0.000000,0.000000,0.000000,0.000000,0.000000,0.000000,0.000000,0.000000,0.000336,0.000000,0.000133,0.000000,0.000065,0.000067
PRISM,0.000000,0.000000,0.000000,0.000000,0.000000,0.000000,0.000000,0.000000,0.000000,0.000000,0.000000,0.000000,0.000000,0.000099,0.000154,0.000060,0.000057
Economic stimulus,0.000000,0.000000,0.000000,0.000000,0.009402,0.031967,0.002574,0.000875,0.000401,0.000189,0.000201,0.000000,0.000118,0.000316,0.000204,0.000068,0.000093
No fly list,0.000000,0.000000,0.000000,0.000000,0.000000,0.000000,0.000326,0.000219,0.000000,0.000000,0.000000,0.000000,0.000000,0.000000,0.000102,0.000038,0.000046
Russian military action in Syria,0.000000,0.000000,0.000000,0.000000,0.000000,0.000000,0.000000,0.000000,0.000000,0.000000,0.000000,0.000000,0.000238,0.000150,0.000000,0.000029,0.000025
Women in combat,0.000000,0.000000,0.000000,0.000000,0.000000,0.000000,0.000000,0.000219,0.000171,0.000685,0.000179,0.000000,0.000158,0.000117,0.000000,0.000042,0.000016
Prison overcrowding,0.000000,0.000000,0.000000,0.000000,0.000452,0.000000,0.000000,0.000000,0.000172,0.000141,0.000178,0.000192,0.000139,0.000134,0.000000,0.000033,0.000028
LGBT adoption rights,0.000000,0.000000,0.000000,0.000000,0.000450,0.000518,0.000000,0.000000,0.000173,0.000190,0.000000,0.000000,0.000118,0.000000,0.000000,0.000024,0.000012
Dakota Access pipeline,0.000000,0.000000,0.000000,0.000000,0.000000,0.000000,0.000000,0.000000,0.000000,0.000000,0.000000,0.000000,0.000000,0.000833,0.000102,0.000043,0.000068
U.S. national anthem protests,0.000000,0.000000,0.000000,0.000000,0.000000,0.000000,0.000000,0.000000,0.000000,0.000000,0.000000,0.000000,0.000000,0.000000,0.000000,0.000016,0.000037
Israel boycott,0.000000,0.000000,0.000000,0.000000,0.000000,0.000000,0.000000,0.000000,0.000000,0.000141,0.000223,0.000000,0.000118,0.000000,0.000000,0.000173,0.000008
North Korea and weapons of mass destruction,0.000000,0.000000,0.000000,0.000000,0.000000,0.000000,0.000000,0.000000,0.000000,0.000000,0.000000,0.000000,0.000000,0.000000,0.000000,0.000024,0.000020
Single-payer healthcare,0.000000,0.000000,0.000000,0.000000,0.000000,0.000000,0.000000,0.000000,0.000000,0.000000,0.000000,0.000000,0.000000,0.000000,0.000000,0.000000,0.000413
Gender workplace diversity,0.000000,0.000000,0.000000,0.000000,0.000000,0.000000,0.000000,0.000000,0.000000,0.000000,0.000000,0.000000,0.000000,0.000000,0.000000,0.000000,0.000000
Transgender people in the military,0.000000,0.000000,0.000000,0.000000,0.000000,0.000000,0.000000,0.000000,0.000000,0.000000,0.000000,0.000000,0.000000,0.000000,0.000000,0.000000,0.000000
Women's health,0.000000,0.002563,0.001836,0.001102,0.001730,0.000970,0.000766,0.001131,0.001604,0.001159,0.001340,0.000977,0.003426,0.003731,0.002934,0.001525,0.001184
Maternity leave in the United States,0.000000,0.000000,0.000000,0.000000,0.000000,0.000000,0.000000,0.000000,0.000000,0.000000,0.000000,0.000000,0.000000,0.000000,0.000000,0.000000,0.000108
Legal history of cannabis in the United States,0.000000,0.000000,0.000000,0.000000,0.000000,0.000000,0.000000,0.000000,0.000000,0.000000,0.000000,0.000000,0.000000,0.000000,0.000000,0.000014,0.000000
Welfare,0.000000,0.000000,0.000916,0.001431,0.000827,0.001552,0.001971,0.000875,0.001288,0.000899,0.000737,0.000881,0.000971,0.000949,0.001064,0.000939,0.012135
DACA,0.000000,0.000000,0.000000,0.000000,0.000000,0.000000,0.000000,0.000000,0.000000,0.000946,0.001005,0.002025,0.001524,0.004648,0.026702,0.007394,0.002979
Private Prisons,0.000000,0.000000,0.000000,0.000000,0.000000,0.000000,0.000326,0.000000,0.000258,0.000237,0.000266,0.000000,0.000159,0.000716,0.000360,0.000265,0.000160
Electronic Classroom of Tomorrow,0.000000,0.000000,0.000000,0.000000,0.000000,0.000000,0.000000,0.000657,0.000229,0.000284,0.000313,0.000310,0.000495,0.000298,0.000309,0.000006,0.000012
Right to work,0.000000,0.000000,0.000000,0.000000,0.000000,0.000778,0.000000,0.000328,0.002260,0.000402,0.000313,0.000286,0.000396,0.000366,0.000274,0.000184,0.000368
Russian interference in the 2016 United States elections,0.000000,0.000000,0.000000,0.000000,0.000000,0.000000,0.000000,0.000000,0.000000,0.000000,0.000000,0.000000,0.000000,0.000000,0.000000,0.000019,0.000084
Child tax credit,0.004455,0.002491,0.001474,0.001669,0.002320,0.001795,0.003111,0.002621,0.002823,0.002715,0.002111,0.004315,0.002933,0.002612,0.003682,0.022518,0.009312
Natural gas,0.006852,0.006453,0.006564,0.007034,0.006532,0.005850,0.007445,0.006915,0.004739,0.006686,0.006885,0.006380,0.006866,0.003448,0.004007,0.011628,0.011949
United States farm bill,0.000000,0.000000,0.000000,0.000000,0.000515,0.000401,0.000000,0.000227,0.000000,0.000154,0.000528,0.000261,0.000140,0.000000,0.000000,0.001259,0.000084
Criminal justice,0.004456,0.008438,0.004134,0.003517,0.003093,0.004122,0.004946,0.004292,0.002857,0.003305,0.004399,0.005073,0.004649,0.003126,0.002542,0.008074,0.008838
FIRST STEP Act,0.000000,0.000000,0.000000,0.000000,0.000000,0.000000,0.000000,0.000000,0.000000,0.000000,0.000000,0.000000,0.000000,0.000000,0.000000,0.000000,0.000000
First Step Act,0.000000,0.000000,0.000000,0.000000,0.000000,0.000000,0.000000,0.000000,0.000000,0.000000,0.000000,0.000000,0.000000,0.000000,0.000000,0.000000,0.000000
Human trafficking,0.000000,0.002477,0.001474,0.001669,0.001117,0.002327,0.003167,0.002432,0.001359,0.002203,0.003409,0.003200,0.003811,0.003041,0.003376,0.011502,0.006182
United StatesMexicoCanada Agreement,0.000000,0.000000,0.000000,0.000000,0.000000,0.000000,0.000000,0.000000,0.000000,0.000000,0.000000,0.000000,0.000000,0.000000,0.000000,0.000000,0.006453
School choice,0.000000,0.000000,0.000000,0.000000,0.000860,0.000465,0.000500,0.000304,0.000627,0.000359,0.000616,0.000782,0.000638,0.000600,0.000447,0.014050,0.007828
Paid Family Leave,0.000000,0.000000,0.000000,0.000000,0.000000,0.000662,0.000334,0.000305,0.000000,0.000410,0.000462,0.000403,0.000439,0.000214,0.000488,0.004023,0.007824
Antisemitism,0.003422,0.002234,0.000000,0.001001,0.001203,0.000864,0.001167,0.000873,0.000732,0.000845,0.001649,0.001920,0.001756,0.002376,0.001200,0.015919,0.001830
Xi Jinping,0.000000,0.000000,0.000000,0.000000,0.000000,0.000000,0.000000,0.000324,0.000291,0.000580,0.000489,0.000869,0.000845,0.000408,0.000683,0.000833,0.002918
Vietnam,0.037118,0.039641,0.028435,0.027613,0.025566,0.025399,0.024345,0.024351,0.023634,0.024174,0.023925,0.027930,0.023622,0.025426,0.024240,0.030563,0.024007
United States Army Special Forces,0.000000,0.000000,0.000000,0.001265,0.000951,0.001310,0.000973,0.001415,0.001259,0.001081,0.001015,0.001355,0.000946,0.001082,0.001147,0.000989,0.000934
Tuskegee Airmen,0.000000,0.002374,0.002298,0.000000,0.001138,0.001038,0.000603,0.000458,0.003340,0.000961,0.000432,0.000485,0.000321,0.000576,0.000610,0.000918,0.058602
Thom Tillis,0.000000,0.000000,0.000000,0.000000,0.000000,0.000000,0.000000,0.000000,0.000000,0.000000,0.000000,0.000000,0.000204,0.000211,0.000216,0.000141,0.002327
Space force,0.000000,0.000000,0.000000,0.000000,0.000569,0.000000,0.000000,0.000000,0.000000,0.000000,0.000000,0.000000,0.000000,0.000000,0.000000,0.000395,0.076976
Rush Limbaugh,0.009495,0.010256,0.008105,0.005165,0.007103,0.012999,0.014885,0.007103,0.006075,0.004184,0.004905,0.003091,0.003801,0.005132,0.005811,0.003419,1.000000
Opportunity zone,0.000000,0.000000,0.000000,0.000000,0.000000,0.000000,0.000000,0.000000,0.000000,0.000000,0.000000,0.000000,0.000000,0.000000,0.000189,0.000946,0.012717
Nicols Maduro,0.000000,0.000000,0.000000,0.000000,0.000760,0.000000,0.000000,0.000000,0.000000,0.000211,0.000395,0.000707,0.000338,0.000225,0.000377,0.004209,0.010873
Neil Armstrong,0.004316,0.004338,0.002959,0.001974,0.001966,0.001911,0.001669,0.001323,0.000750,0.001381,0.001503,0.001515,0.001284,0.001110,0.001365,0.003136,0.002057
Mitch McConnell,0.000000,0.000000,0.001924,0.001125,0.001205,0.000874,0.001484,0.001660,0.003219,0.001601,0.001109,0.001718,0.001774,0.003950,0.004168,0.002896,0.031313
Melania Trump,0.000000,0.001973,0.000000,0.000846,0.000000,0.000000,0.000000,0.000000,0.000000,0.000182,0.000000,0.000306,0.000946,0.031587,0.056537,0.005185,0.137745
Martin Luther King Jr.,0.105338,0.035897,0.037700,0.028280,0.027083,0.020982,0.017527,0.017932,0.016469,0.014626,0.016938,0.061608,0.051270,0.011532,0.015375,0.019530,0.012011
Justice for Victims of Sanctuary Cities Act of 2019,0.000000,0.000000,0.000000,0.000000,0.000000,0.000000,0.000000,0.000000,0.000000,0.000000,0.000000,0.000000,0.000000,0.000000,0.000000,0.000000,0.000068
John Barrasso,0.000000,0.000000,0.000000,0.000000,0.000000,0.000000,0.000000,0.000000,0.000216,0.000364,0.000000,0.000183,0.000255,0.000127,0.000130,0.000000,0.004960
Honduras,0.008345,0.006309,0.006947,0.006292,0.008309,0.008410,0.011172,0.008210,0.009101,0.009874,0.010563,0.009298,0.010105,0.010719,0.009882,0.009711,0.009351
Historically black colleges and universities,0.003015,0.002565,0.002506,0.002348,0.002347,0.002786,0.001576,0.001168,0.000871,0.001142,0.000808,0.001051,0.001047,0.012803,0.001699,0.001794,0.004035
Harriet Tubman,0.009781,0.018542,0.007589,0.005447,0.005708,0.010320,0.003338,0.002430,0.002662,0.004746,0.002443,0.002750,0.002095,0.004625,0.004153,0.005793,0.012841
Guatemala,0.014386,0.011243,0.009134,0.011175,0.013322,0.016709,0.017385,0.011564,0.009129,0.011195,0.010716,0.012753,0.010984,0.010930,0.012213,0.010972,0.011494
George S. Patton,0.000000,0.002958,0.001544,0.001597,0.001332,0.001693,0.001113,0.001261,0.001113,0.000841,0.001240,0.001436,0.000980,0.001152,0.000958,0.000946,0.001153
Frederick Douglass,0.005754,0.010057,0.006947,0.004134,0.002410,0.006718,0.003475,0.002952,0.003171,0.004144,0.002762,0.002769,0.002534,0.004638,0.003586,0.004704,0.004369
Education Freedom Scholarships and Opportunity Act,0.000000,0.000000,0.000000,0.000000,0.000000,0.000000,0.000000,0.000000,0.000000,0.000000,0.000000,0.000000,0.000000,0.000000,0.000000,0.000000,0.001323
Criminal justice reform in the United States,0.000000,0.000000,0.000000,0.000000,0.000000,0.000000,0.000000,0.000000,0.000000,0.000000,0.000000,0.000000,0.000204,0.000210,0.000216,0.000339,0.005816
Coronavirus,0.000000,0.000000,0.000000,0.000000,0.000000,0.000000,0.000000,0.000000,0.000000,0.000541,0.000283,0.000302,0.000220,0.000211,0.000348,0.000565,0.404939
Charles McGee,0.000000,0.000000,0.000000,0.000000,0.000000,0.000000,0.000000,0.000000,0.000000,0.000000,0.000000,0.000000,0.000000,0.000000,0.000000,0.000000,0.043115
Brett Kavanaugh,0.000000,0.000000,0.000000,0.000000,0.000000,0.000000,0.000000,0.000000,0.000216,0.000209,0.000280,0.000183,0.000000,0.000211,0.000175,0.005821,0.012872
Amelia Earhart,0.006491,0.002369,0.002058,0.001785,0.002347,0.003003,0.002551,0.002521,0.002662,0.001742,0.001484,0.002162,0.001520,0.001855,0.001612,0.003319,0.001972
Alzheimer's disease,0.005470,0.005127,0.003473,0.004415,0.004820,0.004369,0.002596,0.002768,0.002227,0.001922,0.002367,0.002525,0.005999,0.007450,0.007613,0.008070,0.006203
Abu Bakr al-Baghdadi,0.000000,0.000000,0.000000,0.000000,0.000000,0.000000,0.000000,0.000000,0.000000,0.000000,0.000000,0.000421,0.000202,0.000197,0.001670,0.000170,0.021503